#Scan#	SpectrumFile	Annotation	OrigAnnotation	Protein	dbIndex	numMods	matchOrientation	startMass	Charge	MQScore	p-value	isDecoy	StrictEnvelopeScore	UnstrictEvelopeScore	CompoundName	Organism	FileScanUniqueID	FDR	LibraryName	mzErrorPPM	LibMetaData	Smiles	Inchi	LibSearchSharedPeaks	Abundance	ParentMassDiff	SpecMZ	ExactMass	LibrarySpectrumID
172	spectra_filtered.mgf	*..*		:452	247	-1	0	268.1	1	0.976654	0	0	38127300.0	38844000.0	ADENOSINE M+H	GNPS-EMBL-MCF	temp/spectra_filtered.mgf172	-1	GNPS-EMBL-MCF.mgf	15.2531				6	0	0.00408936	268.104	0	CCMSLIB00000578029
1430	spectra_filtered.mgf	*..*		:698	1452	-1	0	267.172	1	0.976165	0	0	394644000.0	1315920.0	MassbankEU:SM880801 Tri-isobutylphosphate|Triisobutyl phosphate|Tris(2-methylpropyl) phosphate [M+H]+	MASSBANKEU	temp/spectra_filtered.mgf1430	-1	MASSBANKEU.mgf	6.16812				6	0	0.00164795	267.174	0	CCMSLIB00000842059
376	spectra_filtered.mgf	*..*		:9865	9865	-1	0	205.0	1	0.975343	0	0	58861400.0	512073.0	Massbank:KO004073 Trp|Tryptophan|L-Tryptophan|(S)-alpha-Amino-beta-(3-indolyl)-propionic acid [M+H]+	MASSBANK	temp/spectra_filtered.mgf376	-1	MASSBANK.mgf	475.33				6	0	0.0974426	205.097	0	CCMSLIB00000220666
1185	spectra_filtered.mgf	*..*		:2174	4620	-1	0	250.118	1	0.975171	0	0	106683.0	23213800.0	Spectral Match to 2,4,6-Triallyloxy-1,3,5-triazine from NIST14 M+H	GNPS-NIST14-MATCHES	temp/spectra_filtered.mgf1185	-1	GNPS-NIST14-MATCHES.mgf	7.50378				8	0	0.00187683	250.12	0	CCMSLIB00003139107
1470	spectra_filtered.mgf	*..*		:1681	1958	-1	0	267.173	1	0.973223	0	0	34490.7	1485560.0	Spectral Match to Tributyl phosphate from NIST14 M+H	GNPS-NIST14-MATCHES	temp/spectra_filtered.mgf1470	-1	GNPS-NIST14-MATCHES.mgf	1.59914				7	0	0.000427246	267.173	0	CCMSLIB00003136445
1211	spectra_filtered.mgf	*..*		:34	145	-1	0	415.282	1	0.973156	0	0	5127390.0	2321190.0	DEOXYCHOLATE M+Na	GNPS-MSMLS	temp/spectra_filtered.mgf1211	-1	GNPS-MSMLS.mgf	164.903				6	0	0.0684814	415.214	0	CCMSLIB00005463896
174	spectra_filtered.mgf	*..*		:627	1073	-1	0	308.091	1	0.973141	0	0	1870890.0	861585.0	glutathione CollisionEnergy:102040 M+H	BERKELEY-LAB	temp/spectra_filtered.mgf174	-1	BERKELEY-LAB.mgf	0.79243				13	0	0.000244141	308.091	0	CCMSLIB00010103061
386	spectra_filtered.mgf	*..*		:413	5093	-1	0	231.17	1	0.972922	0	0	2154800.0	417506.0	Spectral Match to Val-Leu from NIST14 M+H	GNPS-NIST14-MATCHES	temp/spectra_filtered.mgf386	-1	GNPS-NIST14-MATCHES.mgf	2.9043				7	0	0.000671387	231.171	0	CCMSLIB00003139580
391	spectra_filtered.mgf	*..*		:1411	128	-1	0	283.175	1	0.971854	0	0	25620800.0	5915550.0	Spectral Match to Hexaethylene glycol from NIST14 M+H	GNPS-NIST14-MATCHES	temp/spectra_filtered.mgf391	-1	GNPS-NIST14-MATCHES.mgf	1.29323				7	0	0.000366211	283.175	0	CCMSLIB00003134614
1176	spectra_filtered.mgf	*..*		:2174	4620	-1	0	250.118	1	0.970962	0	0	106683.0	8857520.0	Spectral Match to 2,4,6-Triallyloxy-1,3,5-triazine from NIST14 M+H	GNPS-NIST14-MATCHES	temp/spectra_filtered.mgf1176	-1	GNPS-NIST14-MATCHES.mgf	7.6258				8	0	0.00190735	250.12	0	CCMSLIB00003139107
1216	spectra_filtered.mgf	*..*		:34	145	-1	0	415.282	1	0.970425	0	0	5127390.0	2780360.0	DEOXYCHOLATE M+Na	GNPS-MSMLS	temp/spectra_filtered.mgf1216	-1	GNPS-MSMLS.mgf	165.344				6	0	0.0686646	415.213	0	CCMSLIB00005463896
485	spectra_filtered.mgf	*..*		:1698	1602	-1	0	415.253	1	0.969363	0	0	104562000.0	2257730.0	Spectral Match to Nonaethylene glycol from NIST14 M+H	GNPS-NIST14-MATCHES	temp/spectra_filtered.mgf485	-1	GNPS-NIST14-MATCHES.mgf	2.86617				14	0	0.00119019	415.254	0	CCMSLIB00003136089
938	spectra_filtered.mgf	*..*		:4454	5267	-1	0	177.164	1	0.968516	0	0	2336430.0	1016530.0	Spectral Match to 2-Butanone, 4-(2,6,6-trimethyl-2-cyclohexen-1-yl)- from NIST14 M+H-H2O	GNPS-NIST14-MATCHES	temp/spectra_filtered.mgf938	-1	GNPS-NIST14-MATCHES.mgf	1.46418				8	0	0.000259399	177.164	0	CCMSLIB00003139754
211	spectra_filtered.mgf	*..*		:38	692	-1	0	308.091	1	0.96757	0	0	2982180.0	1480500.0	GLUTATHIONE REDUCED M+H	GNPS-MSMLS	temp/spectra_filtered.mgf211	-1	GNPS-MSMLS.mgf	0.594323				14	0	0.000183105	308.091	0	CCMSLIB00005464443
507	spectra_filtered.mgf	*..*		:1774	2368	-1	0	459.28	1	0.966348	0	0	77159900.0	1966180.0	Spectral Match to Decaethylene glycol from NIST14 M+H	GNPS-NIST14-MATCHES	temp/spectra_filtered.mgf507	-1	GNPS-NIST14-MATCHES.mgf	1.92695				15	0	0.00088501	459.281	0	CCMSLIB00003136855
136	spectra_filtered.mgf	*..*		:148	5265	-1	0	180.086	1	0.96559	0	0	1108280.0	12172300.0	Spectral Match to D-Fructose from NIST14 M+NH4-H2O	GNPS-NIST14-MATCHES	temp/spectra_filtered.mgf136	-1	GNPS-NIST14-MATCHES.mgf	4.9991				7	0	0.000900269	180.087	0	CCMSLIB00003139752
306	spectra_filtered.mgf	*..*		:327	14865	-1	0	233.147	1	0.964825	0	0	5981610.0	694855.0	DIETHANOLAMINE 2M+Na	GNPS-LIBRARY	temp/spectra_filtered.mgf306	-1	GNPS-LIBRARY.mgf	11.715				6	0	0.00273132	233.15	0	CCMSLIB00013583123
1433	spectra_filtered.mgf	*..*		:2329	2866	-1	0	267.172	1	0.964774	0	0	5075310.0	1600850.0	Spectral Match to Tributyl phosphate from NIST14 M+H	GNPS-NIST14-MATCHES	temp/spectra_filtered.mgf1433	-1	GNPS-NIST14-MATCHES.mgf	5.25433				6	0	0.00140381	267.173	0	CCMSLIB00003137353
442	spectra_filtered.mgf	*..*		:11440	11440	-1	0	741.224	1	0.963769	0	0	10690.2	1224600.0	Massbank:PR101017 Kaempferol-3-Glucoside-2''-Rhamnoside-7-Rhamnoside|Kaem-3-Glc-2''-Rha-7-Rha|Kaempferol-3-Glucoside-2-Rhamnoside,-7-Rhamnoside? [M+H]+	MASSBANK	temp/spectra_filtered.mgf442	-1	MASSBANK.mgf	1.3175				8	0	0.000976562	741.225	0	CCMSLIB00000223308
1263	spectra_filtered.mgf	*..*		:659	1413	-1	0	288.253	1	0.962955	0	0	293681000.0	812321.0	MassbankEU:SM876702 Lauryl diethanolamide|N,N-bis(2-hydroxyethyl)dodecanamide [M+H]+	MASSBANKEU	temp/spectra_filtered.mgf1263	-1	MASSBANKEU.mgf	6.14051				7	0	0.00177002	288.255	0	CCMSLIB00000842020
1467	spectra_filtered.mgf	*..*		:2329	2866	-1	0	267.172	1	0.960946	0	0	5075310.0	1089440.0	Spectral Match to Tributyl phosphate from NIST14 M+H	GNPS-NIST14-MATCHES	temp/spectra_filtered.mgf1467	-1	GNPS-NIST14-MATCHES.mgf	6.39657				6	0	0.00170898	267.174	0	CCMSLIB00003137353
932	spectra_filtered.mgf	*..*		:2090	5416	-1	0	552.402	1	0.960259	0	0	749908.0	881102.0	Spectral Match to 1-Octadecyl-2-acetyl-sn-glycero-3-phosphocholine from NIST14 M+H	GNPS-NIST14-MATCHES	temp/spectra_filtered.mgf932	-1	GNPS-NIST14-MATCHES.mgf	129.605				6	0	0.0715942	552.33	0	CCMSLIB00003139903
232	spectra_filtered.mgf	*..*		:359	18822	-1	0	346.055	1	0.960131	0	0	114.157	1055970.0	Guanosine cyclic monophosphate [M+H]+	MONA	temp/spectra_filtered.mgf232	-1	MONA.mgf	0.176374				6	0	6.10352e-05	346.055	0	CCMSLIB00004691422
1616	spectra_filtered.mgf	*..*		:2489	5545	-1	0	496.339	1	0.959862	0	0	1695730.0	1761280.0	Spectral Match to Lyso-PC(16:0) from NIST14 M+H	GNPS-NIST14-MATCHES	temp/spectra_filtered.mgf1616	-1	GNPS-NIST14-MATCHES.mgf	6.88636				12	0	0.00341797	496.342	0	CCMSLIB00003140032
560	spectra_filtered.mgf	*..*		:6466	6464	-1	0	579.171	1	0.958394	0	0	1819.0	1297830.0	ReSpect:PT109360 Kaempferol-3-Rhamnoside-7-Rhamnoside|Kaem-3-Rha-7-Rha|Kaempferitrin|5-hydroxy-2-(4-hydroxyphenyl)-3,7-bis[[(2S,3R,4S,5R,6S)-3,4,5-trihydroxy-6-methyloxan-2-yl]oxy]chromen-4-one [M+H]	RESPECT	temp/spectra_filtered.mgf560	-1	RESPECT.mgf	0.421535				8	0	0.000244141	579.171	0	CCMSLIB00000221493
152	spectra_filtered.mgf	*..*		:107586	208020	-1	0	360.15	1	0.951645	0	0	299.608	1517180.0	sucrose [M+NH4]+	MSNLIB-POSITIVE	temp/spectra_filtered.mgf152	-1	MSNLIB-POSITIVE.mgf	0.423679				11	0	0.000152588	360.15	0	CCMSLIB00013070159
1617	spectra_filtered.mgf	*..*		:2489	5545	-1	0	496.339	1	0.950614	0	0	1695730.0	1227780.0	Spectral Match to Lyso-PC(16:0) from NIST14 M+H	GNPS-NIST14-MATCHES	temp/spectra_filtered.mgf1617	-1	GNPS-NIST14-MATCHES.mgf	5.96408				11	0	0.00296021	496.342	0	CCMSLIB00003140032
806	spectra_filtered.mgf	*..*		:31852	31850	-1	0	206.067	1	0.949828	0	0	290.47	2353900.0	Hesperin (Chimeric precursor selection) [M+H]+	MSNLIB-POSITIVE	temp/spectra_filtered.mgf806	-1	MSNLIB-POSITIVE.mgf	1.03667				6	0	0.000213623	206.067	0	CCMSLIB00012331450
559	spectra_filtered.mgf	*..*		:16029	28028	-1	0	433.113	1	0.949285	0	0	1276.0	3286830.0	Massbank:PR302431 Kaempferol-3-O-rhamnoside M+H	MASSBANK	temp/spectra_filtered.mgf559	-1	MASSBANK.mgf	1.6206				6	0	0.000701904	433.114	0	CCMSLIB00005741580
440	spectra_filtered.mgf	*..*		:16029	28028	-1	0	433.113	1	0.948293	0	0	1276.0	1151530.0	Massbank:PR302431 Kaempferol-3-O-rhamnoside M+H	MASSBANK	temp/spectra_filtered.mgf440	-1	MASSBANK.mgf	1.47968				6	0	0.000640869	433.114	0	CCMSLIB00005741580
1607	spectra_filtered.mgf	*..*		:3975	5202	-1	0	454.293	1	0.948048	0	0	5025040.0	692356.0	Spectral Match to 1-Palmitoyl-2-hydroxy-sn-glycero-3-phosphoethanolamine from NIST14 M+H	GNPS-NIST14-MATCHES	temp/spectra_filtered.mgf1607	-1	GNPS-NIST14-MATCHES.mgf	4.83667				15	0	0.00219727	454.295	0	CCMSLIB00003139689
95	spectra_filtered.mgf	*..*		:10381	10381	-1	0	175.12	1	0.947702	0	0	32093.6	110925000.0	Massbank:PB000419 Arginine|2-amino-5-(diaminomethylideneamino)pentanoic acid [M+H]+	MASSBANK	temp/spectra_filtered.mgf95	-1	MASSBANK.mgf	4.1824				6	0	0.000732422	175.119	0	CCMSLIB00000221713
375	spectra_filtered.mgf	*..*		:620	2573	-1	0	188.07	1	0.94709	0	0	4792390.0	1010420.0	Spectral Match to L-Tryptophan from NIST14 M+H-NH3	GNPS-NIST14-MATCHES	temp/spectra_filtered.mgf375	-1	GNPS-NIST14-MATCHES.mgf	4.78688				6	0	0.000900269	188.071	0	CCMSLIB00003137060
515	spectra_filtered.mgf	*..*		:255	693	-1	0	595.165	1	0.946649	0	0	514699.0	2607520.0	NCGC00384751-01!5-hydroxy-2-(4-hydroxyphenyl)-3-[(2S,3R,4S,5S,6R)-3,4,5-trihydroxy-6-(hydroxymethyl)oxan-2-yl]oxy-7-[(2S,3R,4R,5R,6S)-3,4,5-trihydroxy-6-methyloxan-2-yl]oxychromen-4-one M+H	GNPS-NIH-NATURALPRODUCTSLIBRARY_ROUND2_POSITIVE	temp/spectra_filtered.mgf515	-1	GNPS-NIH-NATURALPRODUCTSLIBRARY_ROUND2_POSITIVE.mgf	2.66634				10	0	0.00158691	595.167	0	CCMSLIB00000846403
218	spectra_filtered.mgf	*..*		:1058	9353	-1	0	330.06	1	0.945842	0	0	2512350.0	579488.0	ADENOSINE 2',3'-CYCLIC MONOPHOSPHATE - 40.0 eV M+H	GNPS-LIBRARY	temp/spectra_filtered.mgf218	-1	GNPS-LIBRARY.mgf	0.184921				8	0	6.10352e-05	330.06	0	CCMSLIB00005884211
697	spectra_filtered.mgf	*..*		:1307	2357	-1	0	309.227	1	0.942982	0	0	199913.0	600782.0	Spectral Match to Pentapropylene glycol from NIST14 M+H	GNPS-NIST14-MATCHES	temp/spectra_filtered.mgf697	-1	GNPS-NIST14-MATCHES.mgf	1.57904				7	0	0.000488281	309.227	0	CCMSLIB00003136844
1677	spectra_filtered.mgf	*..*		:6903	6903	-1	0	279.159	1	0.941068	0	0	6826030.0	1132130.0	Dibutyl phthalate_CE15 M+H	WFSR-LIBRARY	temp/spectra_filtered.mgf1677	-1	WFSR-LIBRARY.mgf	5.68462				6	0	0.00158691	279.161	0	CCMSLIB00013940684
527	spectra_filtered.mgf	*..*		:1583	1581	-1	0	625.163	1	0.937477	0	0	137.0	946073.0	ReSpect:PM018139 Isorhamnetin-3-rhamnoside-7-glucoside [M+H]	RESPECT	temp/spectra_filtered.mgf527	-1	RESPECT.mgf	22.8456				6	0	0.0142822	625.177	0	CCMSLIB00000211862
704	spectra_filtered.mgf	*..*		:1611	548	-1	0	192.051	1	0.936743	0	0	687447.0	4154230.0	Aconitic acid (known structural isomers: 1; isobaric peaks in run: 0) [M+NH4]+	CMMC-FOOD-BIOMARKERS	temp/spectra_filtered.mgf704	-1	CMMC-FOOD-BIOMARKERS.mgf	2.463				6	0	0.000473022	192.051	0	CCMSLIB00013576789
2830	spectra_filtered.mgf	*..*		:5889	3633	-1	0	531.408	1	0.936387	0	0	5068000.0	16686200.0	Spectral Match to Didodecyl 3,3'-thiodipropionate oxide from NIST14 M+H	GNPS-NIST14-MATCHES	temp/spectra_filtered.mgf2830	-1	GNPS-NIST14-MATCHES.mgf	0.0				12	0	0.0	531.408	0	CCMSLIB00003138120
1893	spectra_filtered.mgf	*..*		:3263	117	-1	0	380.277	1	0.935748	0	0	842910.0	418693.0	3-hydroxyheptadecanoyl alanine [M+Na]+ [M+Na]+	3-HYDROXY-ACYL-AMIDES-LIBRARY	temp/spectra_filtered.mgf1893	-1	3-HYDROXY-ACYL-AMIDES-LIBRARY.mgf	150.952				10	0	0.0574036	380.334	0	CCMSLIB00013640918
1675	spectra_filtered.mgf	*..*		:6903	6903	-1	0	279.159	1	0.935359	0	0	6826030.0	1015020.0	Dibutyl phthalate_CE15 M+H	WFSR-LIBRARY	temp/spectra_filtered.mgf1675	-1	WFSR-LIBRARY.mgf	5.5753				6	0	0.0015564	279.161	0	CCMSLIB00013940684
443	spectra_filtered.mgf	*..*		:255	693	-1	0	595.165	1	0.934344	0	0	514699.0	912761.0	NCGC00384751-01!5-hydroxy-2-(4-hydroxyphenyl)-3-[(2S,3R,4S,5S,6R)-3,4,5-trihydroxy-6-(hydroxymethyl)oxan-2-yl]oxy-7-[(2S,3R,4R,5R,6S)-3,4,5-trihydroxy-6-methyloxan-2-yl]oxychromen-4-one M+H	GNPS-NIH-NATURALPRODUCTSLIBRARY_ROUND2_POSITIVE	temp/spectra_filtered.mgf443	-1	GNPS-NIH-NATURALPRODUCTSLIBRARY_ROUND2_POSITIVE.mgf	2.56379				10	0	0.00152588	595.167	0	CCMSLIB00000846403
1672	spectra_filtered.mgf	*..*		:6903	6903	-1	0	279.159	1	0.932988	0	0	6826030.0	939498.0	Dibutyl phthalate_CE15 M+H	WFSR-LIBRARY	temp/spectra_filtered.mgf1672	-1	WFSR-LIBRARY.mgf	5.79394				6	0	0.00161743	279.161	0	CCMSLIB00013940684
1495	spectra_filtered.mgf	*..*		:5678	84	-1	0	235.169	1	0.932962	0	0	727563.0	747579.0	Petasol M+H	TUEBINGEN-NATURAL-PRODUCT-COLLECTION	temp/spectra_filtered.mgf1495	-1	TUEBINGEN-NATURAL-PRODUCT-COLLECTION.mgf	6.6182				6	0	0.0015564	235.171	0	CCMSLIB00011906050
2689	spectra_filtered.mgf	*..*		:5889	3633	-1	0	531.408	1	0.932393	0	0	5068000.0	18381400.0	Spectral Match to Didodecyl 3,3'-thiodipropionate oxide from NIST14 M+H	GNPS-NIST14-MATCHES	temp/spectra_filtered.mgf2689	-1	GNPS-NIST14-MATCHES.mgf	0.459422				11	0	0.000244141	531.408	0	CCMSLIB00003138120
2361	spectra_filtered.mgf	*..*		:37293	1080	-1	0	371.101	1	0.931672	0	0	319205000.0	6152570.0	Spectral Match to Cyclopentasiloxane, decamethyl- from NIST14 M+H	GNPS-NIST14-MATCHES	temp/spectra_filtered.mgf2361	-1	GNPS-NIST14-MATCHES.mgf	11.3485				14	0	0.00421143	371.105	0	CCMSLIB00003135566
532	spectra_filtered.mgf	*..*		:1828	2287	-1	0	503.306	1	0.931169	0	0	67971200.0	1489700.0	Spectral Match to Undecaethylene glycol from NIST14 M+H	GNPS-NIST14-MATCHES	temp/spectra_filtered.mgf532	-1	GNPS-NIST14-MATCHES.mgf	2.3041				14	0	0.00115967	503.307	0	CCMSLIB00003136774
513	spectra_filtered.mgf	*..*		:18857	30856	-1	0	433.113	1	0.92679	0	0	9472.0	1566090.0	Massbank:PR310904 Kaempferol-7-O-rhamnoside M+H	MASSBANK	temp/spectra_filtered.mgf513	-1	MASSBANK.mgf	1.76153				6	0	0.000762939	433.114	0	CCMSLIB00005744408
2291	spectra_filtered.mgf	*..*		:4918	4038	-1	0	284.296	1	0.92674	0	0	8572730.0	484570.0	Spectral Match to Octadecanamide from NIST14 M+H	GNPS-NIST14-MATCHES	temp/spectra_filtered.mgf2291	-1	GNPS-NIST14-MATCHES.mgf	7.29942				9	0	0.0020752	284.298	0	CCMSLIB00003138525
1602	spectra_filtered.mgf	*..*		:270	1024	-1	0	399.251	1	0.925335	0	0	184510000.0	933604.0	MassbankEU:SM824402 Tri(butoxyethyl) phosphate|tris(2-butoxyethyl) phosphate [M+H]+	MASSBANKEU	temp/spectra_filtered.mgf1602	-1	MASSBANKEU.mgf	3.74542				12	0	0.00149536	399.253	0	CCMSLIB00000841631
2599	spectra_filtered.mgf	*..*		:5889	3633	-1	0	531.408	1	0.92438	0	0	5068000.0	11121800.0	Spectral Match to Didodecyl 3,3'-thiodipropionate oxide from NIST14 M+H	GNPS-NIST14-MATCHES	temp/spectra_filtered.mgf2599	-1	GNPS-NIST14-MATCHES.mgf	0.344567				12	0	0.000183105	531.408	0	CCMSLIB00003138120
2841	spectra_filtered.mgf	*..*		:5889	3633	-1	0	531.408	1	0.923071	0	0	5068000.0	15708300.0	Spectral Match to Didodecyl 3,3'-thiodipropionate oxide from NIST14 M+H	GNPS-NIST14-MATCHES	temp/spectra_filtered.mgf2841	-1	GNPS-NIST14-MATCHES.mgf	0.114856				10	0	6.10352e-05	531.408	0	CCMSLIB00003138120
2044	spectra_filtered.mgf	*..*		:37293	1080	-1	0	371.101	1	0.922514	0	0	319205000.0	2524920.0	Spectral Match to Cyclopentasiloxane, decamethyl- from NIST14 M+H	GNPS-NIST14-MATCHES	temp/spectra_filtered.mgf2044	-1	GNPS-NIST14-MATCHES.mgf	6.33211				12	0	0.00234985	371.103	0	CCMSLIB00003135566
1606	spectra_filtered.mgf	*..*		:3975	5202	-1	0	454.293	1	0.921653	0	0	5025040.0	662297.0	Spectral Match to 1-Palmitoyl-2-hydroxy-sn-glycero-3-phosphoethanolamine from NIST14 M+H	GNPS-NIST14-MATCHES	temp/spectra_filtered.mgf1606	-1	GNPS-NIST14-MATCHES.mgf	5.44125				13	0	0.00247192	454.295	0	CCMSLIB00003139689
1892	spectra_filtered.mgf	*..*		:3263	117	-1	0	380.277	1	0.92163	0	0	842910.0	631179.0	3-hydroxyheptadecanoyl alanine [M+Na]+ [M+Na]+	3-HYDROXY-ACYL-AMIDES-LIBRARY	temp/spectra_filtered.mgf1892	-1	3-HYDROXY-ACYL-AMIDES-LIBRARY.mgf	163.23				9	0	0.0620728	380.339	0	CCMSLIB00013640918
1035	spectra_filtered.mgf	*..*		:1820	1099	-1	0	343.296	1	0.92151	0	0	158192.0	2488430.0	CocamidopropylBetaine M+H	GNPS-LIBRARY	temp/spectra_filtered.mgf1035	-1	GNPS-LIBRARY.mgf	3.20025				6	0	0.00109863	343.297	0	CCMSLIB00000077206
1905	spectra_filtered.mgf	*..*		:3263	117	-1	0	380.277	1	0.921365	0	0	842910.0	857398.0	3-hydroxyheptadecanoyl alanine [M+Na]+ [M+Na]+	3-HYDROXY-ACYL-AMIDES-LIBRARY	temp/spectra_filtered.mgf1905	-1	3-HYDROXY-ACYL-AMIDES-LIBRARY.mgf	162.749				8	0	0.0618896	380.339	0	CCMSLIB00013640918
1217	spectra_filtered.mgf	*..*		:34574	34572	-1	0	432.311	1	0.921296	0	0	144.998	622831.0	glycodeoxycholic acid (Chimeric precursor selection) [M+H-H2O]+	MSNLIB-POSITIVE	temp/spectra_filtered.mgf1217	-1	MSNLIB-POSITIVE.mgf	163.49				6	0	0.0706787	432.24	0	CCMSLIB00012336926
1621	spectra_filtered.mgf	*..*		:3522	1865	-1	0	295.226	1	0.920335	0	0	7961300.0	290426.0	Spectral Match to 9-Oxo-10E,12Z-octadecadienoic acid from NIST14 M+H	GNPS-NIST14-MATCHES	temp/spectra_filtered.mgf1621	-1	GNPS-NIST14-MATCHES.mgf	8.06288				12	0	0.00238037	295.228	0	CCMSLIB00003136352
1490	spectra_filtered.mgf	*..*		:5678	84	-1	0	235.169	1	0.920264	0	0	727563.0	445110.0	Petasol M+H	TUEBINGEN-NATURAL-PRODUCT-COLLECTION	temp/spectra_filtered.mgf1490	-1	TUEBINGEN-NATURAL-PRODUCT-COLLECTION.mgf	7.39682				6	0	0.0017395	235.171	0	CCMSLIB00011906050
2186	spectra_filtered.mgf	*..*		:37293	1080	-1	0	371.101	1	0.91946	0	0	319205000.0	6880400.0	Spectral Match to Cyclopentasiloxane, decamethyl- from NIST14 M+H	GNPS-NIST14-MATCHES	temp/spectra_filtered.mgf2186	-1	GNPS-NIST14-MATCHES.mgf	11.184				11	0	0.00415039	371.105	0	CCMSLIB00003135566
1667	spectra_filtered.mgf	*..*		:6903	6903	-1	0	279.159	1	0.919193	0	0	6826030.0	706298.0	Dibutyl phthalate_CE15 M+H	WFSR-LIBRARY	temp/spectra_filtered.mgf1667	-1	WFSR-LIBRARY.mgf	6.01258				6	0	0.00167847	279.157	0	CCMSLIB00013940684
2861	spectra_filtered.mgf	*..*		:5889	3633	-1	0	531.408	1	0.918975	0	0	5068000.0	10978700.0	Spectral Match to Didodecyl 3,3'-thiodipropionate oxide from NIST14 M+H	GNPS-NIST14-MATCHES	temp/spectra_filtered.mgf2861	-1	GNPS-NIST14-MATCHES.mgf	6.08734				10	0	0.00323486	531.405	0	CCMSLIB00003138120
2174	spectra_filtered.mgf	*..*		:37293	1080	-1	0	371.101	1	0.918908	0	0	319205000.0	2332210.0	Spectral Match to Cyclopentasiloxane, decamethyl- from NIST14 M+H	GNPS-NIST14-MATCHES	temp/spectra_filtered.mgf2174	-1	GNPS-NIST14-MATCHES.mgf	11.9241				12	0	0.00442505	371.105	0	CCMSLIB00003135566
1841	spectra_filtered.mgf	*..*		:2048	2414	-1	0	219.21	1	0.917232	0	0	7801.62	770055.0	Spectral Match to Pinolenic acid methyl ester from NIST14 219.2	GNPS-NIST14-MATCHES	temp/spectra_filtered.mgf1841	-1	GNPS-NIST14-MATCHES.mgf	9.53631				9	0	0.00209045	219.212	0	CCMSLIB00003136901
1214	spectra_filtered.mgf	*..*		:34574	34572	-1	0	432.311	1	0.912408	0	0	144.998	593320.0	glycodeoxycholic acid (Chimeric precursor selection) [M+H-H2O]+	MSNLIB-POSITIVE	temp/spectra_filtered.mgf1214	-1	MSNLIB-POSITIVE.mgf	162.714				6	0	0.070343	432.241	0	CCMSLIB00012336926
132	spectra_filtered.mgf	*..*		:837	15057	-1	0	203.15	1	0.910813	0	0	220800000.0	2163780.0	N_N_DIMETHYLARGININE M+H	GNPS-LIBRARY	temp/spectra_filtered.mgf132	-1	GNPS-LIBRARY.mgf	2.028				6	0	0.000411987	203.15	0	CCMSLIB00013583315
135	spectra_filtered.mgf	*..*		:142	5035	-1	0	198.097	1	0.908593	0	0	424269.0	14175500.0	Spectral Match to .beta.-D-Glucose from NIST14 M+NH4	GNPS-NIST14-MATCHES	temp/spectra_filtered.mgf135	-1	GNPS-NIST14-MATCHES.mgf	2.46486				6	0	0.000488281	198.097	0	CCMSLIB00003139522
1435	spectra_filtered.mgf	*..*		:17331	17331	-1	0	520.34	1	0.90765	0	0	167538.0	2470190.0	PC(18:2/0:0); [M+H]+ C26H51N1O7P1 M+H	PNNL-LIPIDS-POSITIVE	temp/spectra_filtered.mgf1435	-1	PNNL-LIPIDS-POSITIVE.mgf	3.40166				8	0	0.00177002	520.342	0	CCMSLIB00010088735
2316	spectra_filtered.mgf	*..*		:6919	25382	-1	0	471.09	1	0.906613	0	0	278.941	6273790.0	4-(3,4-dihydroxyphenyl)-7-hydroxy-5-[(2S,3R,4S,5S,6R)-3,4,5-trihydroxy-6-(hydroxymethyl)oxan-2-yl]oxychromen-2-one [M+Na]+	MONA	temp/spectra_filtered.mgf2316	-1	MONA.mgf	44.1157				11	0	0.0207825	471.111	0	CCMSLIB00004697982
342	spectra_filtered.mgf	*..*		:223	5597	-1	0	233.149	1	0.905945	0	0	3146420.0	201011.0	Spectral Match to Thr-Leu from NIST14 M+H	GNPS-NIST14-MATCHES	temp/spectra_filtered.mgf342	-1	GNPS-NIST14-MATCHES.mgf	3.73045				7	0	0.000869751	233.15	0	CCMSLIB00003140084
1434	spectra_filtered.mgf	*..*		:17331	17331	-1	0	520.34	1	0.905663	0	0	167538.0	2241480.0	PC(18:2/0:0); [M+H]+ C26H51N1O7P1 M+H	PNNL-LIPIDS-POSITIVE	temp/spectra_filtered.mgf1434	-1	PNNL-LIPIDS-POSITIVE.mgf	4.22275				7	0	0.00219727	520.342	0	CCMSLIB00010088735
2639	spectra_filtered.mgf	*..*		:5889	3633	-1	0	531.408	1	0.905604	0	0	5068000.0	13316000.0	Spectral Match to Didodecyl 3,3'-thiodipropionate oxide from NIST14 M+H	GNPS-NIST14-MATCHES	temp/spectra_filtered.mgf2639	-1	GNPS-NIST14-MATCHES.mgf	0.344567				9	0	0.000183105	531.408	0	CCMSLIB00003138120
2491	spectra_filtered.mgf	*..*		:5889	3633	-1	0	531.408	1	0.904679	0	0	5068000.0	1268980.0	Spectral Match to Didodecyl 3,3'-thiodipropionate oxide from NIST14 M+H	GNPS-NIST14-MATCHES	temp/spectra_filtered.mgf2491	-1	GNPS-NIST14-MATCHES.mgf	2.18226				11	0	0.00115967	531.409	0	CCMSLIB00003138120
1601	spectra_filtered.mgf	*..*		:270	1024	-1	0	399.251	1	0.903354	0	0	184510000.0	503679.0	MassbankEU:SM824402 Tri(butoxyethyl) phosphate|tris(2-butoxyethyl) phosphate [M+H]+	MASSBANKEU	temp/spectra_filtered.mgf1601	-1	MASSBANKEU.mgf	4.50979				12	0	0.00180054	399.253	0	CCMSLIB00000841631
1974	spectra_filtered.mgf	*..*		:3329	287	-1	0	424.267	1	0.902875	0	0	1009350.0	1278880.0	3-hydroxyhexadecanoyl glutamic acid [M+Na]+ [M+Na]+	3-HYDROXY-ACYL-AMIDES-LIBRARY	temp/spectra_filtered.mgf1974	-1	3-HYDROXY-ACYL-AMIDES-LIBRARY.mgf	232.622				12	0	0.0986938	424.366	0	CCMSLIB00013641099
2082	spectra_filtered.mgf	*..*		:4017	1440	-1	0	256.262	1	0.902846	0	0	546673.0	217476.0	Spectral Match to Palmitamide from NIST14 M+H	GNPS-NIST14-MATCHES	temp/spectra_filtered.mgf2082	-1	GNPS-NIST14-MATCHES.mgf	15.4814				7	0	0.00396729	256.266	0	CCMSLIB00003135927
2444	spectra_filtered.mgf	*..*		:5889	3633	-1	0	531.408	1	0.900477	0	0	5068000.0	1396480.0	Spectral Match to Didodecyl 3,3'-thiodipropionate oxide from NIST14 M+H	GNPS-NIST14-MATCHES	temp/spectra_filtered.mgf2444	-1	GNPS-NIST14-MATCHES.mgf	2.29711				10	0	0.0012207	531.409	0	CCMSLIB00003138120
790	spectra_filtered.mgf	*..*		:988	1434	-1	0	200.107	1	0.90012	0	0	1556910.0	4686510.0	1-Methyl-6,7-dihydro-5H-pyrido[3,2,1-ij]quinolin-3-one CollisionEnergy:102040 M+H	BERKELEY-LAB	temp/spectra_filtered.mgf790	-1	BERKELEY-LAB.mgf	289.533				7	0	0.0579376	200.165	0	CCMSLIB00010103422
2322	spectra_filtered.mgf	*..*		:6919	25382	-1	0	471.09	1	0.899365	0	0	278.941	18678700.0	4-(3,4-dihydroxyphenyl)-7-hydroxy-5-[(2S,3R,4S,5S,6R)-3,4,5-trihydroxy-6-(hydroxymethyl)oxan-2-yl]oxychromen-2-one [M+Na]+	MONA	temp/spectra_filtered.mgf2322	-1	MONA.mgf	43.0792				11	0	0.0202942	471.11	0	CCMSLIB00004697982
2495	spectra_filtered.mgf	*..*		:3846	93	-1	0	335.258	1	0.899317	0	0	438607.0	1652650.0	Spectral Match to Monolinolenin (9c,12c,15c) from NIST14 M+H-H2O	GNPS-NIST14-MATCHES	temp/spectra_filtered.mgf2495	-1	GNPS-NIST14-MATCHES.mgf	1.36541				9	0	0.000457764	335.258	0	CCMSLIB00003134579
2350	spectra_filtered.mgf	*..*		:37293	1080	-1	0	371.101	1	0.898663	0	0	319205000.0	1195250.0	Spectral Match to Cyclopentasiloxane, decamethyl- from NIST14 M+H	GNPS-NIST14-MATCHES	temp/spectra_filtered.mgf2350	-1	GNPS-NIST14-MATCHES.mgf	12.1708				10	0	0.0045166	371.106	0	CCMSLIB00003135566
1316	spectra_filtered.mgf	*..*		:7975	7975	-1	0	518.325	1	0.898366	0	0	9877940.0	2133210.0	PC(18:3/0:0); [M+H]+ C26H49N1O7P1 M+H	PNNL-LIPIDS-POSITIVE	temp/spectra_filtered.mgf1316	-1	PNNL-LIPIDS-POSITIVE.mgf	3.76815				8	0	0.00195312	518.327	0	CCMSLIB00010069426
2714	spectra_filtered.mgf	*..*		:1064	2145	-1	0	871.593	1	0.898153	0	0	56016.0	37344100.0	Pheophytin A M+H	GNPS-LIBRARY	temp/spectra_filtered.mgf2714	-1	GNPS-LIBRARY.mgf	23.5291				10	0	0.0205078	871.573	0	CCMSLIB00000471426
1846	spectra_filtered.mgf	*..*		:2048	2414	-1	0	219.21	1	0.897614	0	0	7801.62	329595.0	Spectral Match to Pinolenic acid methyl ester from NIST14 219.2	GNPS-NIST14-MATCHES	temp/spectra_filtered.mgf1846	-1	GNPS-NIST14-MATCHES.mgf	2.50589				8	0	0.000549316	219.209	0	CCMSLIB00003136901
1973	spectra_filtered.mgf	*..*		:3329	287	-1	0	424.267	1	0.897021	0	0	1009350.0	732999.0	3-hydroxyhexadecanoyl glutamic acid [M+Na]+ [M+Na]+	3-HYDROXY-ACYL-AMIDES-LIBRARY	temp/spectra_filtered.mgf1973	-1	3-HYDROXY-ACYL-AMIDES-LIBRARY.mgf	220.61				12	0	0.0935974	424.361	0	CCMSLIB00013641099
1393	spectra_filtered.mgf	*..*		:988	1434	-1	0	200.107	1	0.896444	0	0	1556910.0	2048610.0	1-Methyl-6,7-dihydro-5H-pyrido[3,2,1-ij]quinolin-3-one CollisionEnergy:102040 M+H	BERKELEY-LAB	temp/spectra_filtered.mgf1393	-1	BERKELEY-LAB.mgf	475.896				7	0	0.0952301	200.202	0	CCMSLIB00010103422
1320	spectra_filtered.mgf	*..*		:11065	11065	-1	0	518.325	1	0.896417	0	0	152608.0	1437230.0	PC(18:3/0:0); [M+H]+ C26H49N1O7P1 M+H	PNNL-LIPIDS-POSITIVE	temp/spectra_filtered.mgf1320	-1	PNNL-LIPIDS-POSITIVE.mgf	3.29713				8	0	0.00170898	518.327	0	CCMSLIB00010075944
958	spectra_filtered.mgf	*..*		:1737	5493	-1	0	175.112	1	0.896089	0	0	624677.0	989592.0	Spectral Match to (-)-Perillyl alcohol from NIST14 M+Na	GNPS-NIST14-MATCHES	temp/spectra_filtered.mgf958	-1	GNPS-NIST14-MATCHES.mgf	208.868				6	0	0.0365753	175.149	0	CCMSLIB00003139980
1831	spectra_filtered.mgf	*..*		:3329	287	-1	0	424.267	1	0.895188	0	0	1009350.0	426939.0	3-hydroxyhexadecanoyl glutamic acid [M+Na]+ [M+Na]+	3-HYDROXY-ACYL-AMIDES-LIBRARY	temp/spectra_filtered.mgf1831	-1	3-HYDROXY-ACYL-AMIDES-LIBRARY.mgf	232.334				13	0	0.0985718	424.366	0	CCMSLIB00013641099
1851	spectra_filtered.mgf	*..*		:2048	2414	-1	0	219.21	1	0.894252	0	0	7801.62	647035.0	Spectral Match to Pinolenic acid methyl ester from NIST14 219.2	GNPS-NIST14-MATCHES	temp/spectra_filtered.mgf1851	-1	GNPS-NIST14-MATCHES.mgf	8.70101				8	0	0.00190735	219.212	0	CCMSLIB00003136901
1023	spectra_filtered.mgf	*..*		:11368	29831	-1	0	228.071	1	0.893418	0	0	410.035	4253660.0	MUCIC ACID [M+NH4]+	MONA	temp/spectra_filtered.mgf1023	-1	MONA.mgf	384.094				9	0	0.0876007	227.983	0	CCMSLIB00004702431
1972	spectra_filtered.mgf	*..*		:3329	287	-1	0	424.267	1	0.89318	0	0	1009350.0	855722.0	3-hydroxyhexadecanoyl glutamic acid [M+Na]+ [M+Na]+	3-HYDROXY-ACYL-AMIDES-LIBRARY	temp/spectra_filtered.mgf1972	-1	3-HYDROXY-ACYL-AMIDES-LIBRARY.mgf	233.269				11	0	0.0989685	424.366	0	CCMSLIB00013641099
586	spectra_filtered.mgf	*..*		:988	1434	-1	0	200.107	1	0.89086	0	0	1556910.0	4280950.0	1-Methyl-6,7-dihydro-5H-pyrido[3,2,1-ij]quinolin-3-one CollisionEnergy:102040 M+H	BERKELEY-LAB	temp/spectra_filtered.mgf586	-1	BERKELEY-LAB.mgf	446.843				7	0	0.0894165	200.018	0	CCMSLIB00010103422
1618	spectra_filtered.mgf	*..*		:3522	1865	-1	0	295.226	1	0.889856	0	0	7961300.0	283488.0	Spectral Match to 9-Oxo-10E,12Z-octadecadienoic acid from NIST14 M+H	GNPS-NIST14-MATCHES	temp/spectra_filtered.mgf1618	-1	GNPS-NIST14-MATCHES.mgf	8.99321				12	0	0.00265503	295.229	0	CCMSLIB00003136352
1273	spectra_filtered.mgf	*..*		:650	12649	-1	0	371.327	1	0.887763	0	0	199022.0	1547590.0	Massbank: Myristamidopropyl betaine|carboxymethyl-dimethyl-[3-(tetradecanoylamino)propyl]azanium M	MASSBANK	temp/spectra_filtered.mgf1273	-1	MASSBANK.mgf	4.52018				7	0	0.00167847	371.329	0	CCMSLIB00005726201
1396	spectra_filtered.mgf	*..*		:988	1434	-1	0	200.107	1	0.887712	0	0	1556910.0	2370510.0	1-Methyl-6,7-dihydro-5H-pyrido[3,2,1-ij]quinolin-3-one CollisionEnergy:102040 M+H	BERKELEY-LAB	temp/spectra_filtered.mgf1396	-1	BERKELEY-LAB.mgf	475.057				7	0	0.0950623	200.202	0	CCMSLIB00010103422
993	spectra_filtered.mgf	*..*		:11368	29831	-1	0	228.071	1	0.886169	0	0	410.035	2865870.0	MUCIC ACID [M+NH4]+	MONA	temp/spectra_filtered.mgf993	-1	MONA.mgf	384.228				9	0	0.0876312	227.983	0	CCMSLIB00004702431
2687	spectra_filtered.mgf	*..*		:1064	2145	-1	0	871.593	1	0.885635	0	0	56016.0	38596800.0	Pheophytin A M+H	GNPS-LIBRARY	temp/spectra_filtered.mgf2687	-1	GNPS-LIBRARY.mgf	23.3891				9	0	0.0203857	871.573	0	CCMSLIB00000471426
1424	spectra_filtered.mgf	*..*		:2488	33	-1	0	263.237	1	0.883592	0	0	628374.0	961615.0	2,4,6-Tri-tert-butylphenol M+H	ECRFS_DB	temp/spectra_filtered.mgf1424	-1	ECRFS_DB.mgf	4.98507				9	0	0.00131226	263.238	0	CCMSLIB00012728788
1276	spectra_filtered.mgf	*..*		:650	12649	-1	0	371.327	1	0.882936	0	0	199022.0	2687050.0	Massbank: Myristamidopropyl betaine|carboxymethyl-dimethyl-[3-(tetradecanoylamino)propyl]azanium M	MASSBANK	temp/spectra_filtered.mgf1276	-1	MASSBANK.mgf	4.02707				7	0	0.00149536	371.328	0	CCMSLIB00005726201
2253	spectra_filtered.mgf	*..*		:2524	4308	-1	0	758.569	1	0.881151	0	0	8794860.0	2451330.0	Spectral Match to 1-Hexadecanoyl-2-octadecadienoyl-sn-glycero-3-phosphocholine from NIST14 M+H	GNPS-NIST14-MATCHES	temp/spectra_filtered.mgf2253	-1	GNPS-NIST14-MATCHES.mgf	11.2645				6	0	0.00854492	758.578	0	CCMSLIB00003138795
558	spectra_filtered.mgf	*..*		:3401	107	-1	0	287.055	1	0.87682	0	0	4174480.0	392417.0	Kaempferol M+H	TUEBINGEN-NATURAL-PRODUCT-COLLECTION	temp/spectra_filtered.mgf558	-1	TUEBINGEN-NATURAL-PRODUCT-COLLECTION.mgf	0.956814				12	0	0.000274658	287.055	0	CCMSLIB00011906073
2110	spectra_filtered.mgf	*..*		:2296	2928	-1	0	247.199	1	0.875973	0	0	7000.0	3780760.0	Spectral Match to 5(Z),8(Z),11(Z)-Eicosatrienoic acid methyl ester from NIST14 247.2	GNPS-NIST14-MATCHES	temp/spectra_filtered.mgf2110	-1	GNPS-NIST14-MATCHES.mgf	184.933				9	0	0.0457153	247.245	0	CCMSLIB00003137415
710	spectra_filtered.mgf	*..*		:988	1434	-1	0	200.107	1	0.875725	0	0	1556910.0	3845970.0	1-Methyl-6,7-dihydro-5H-pyrido[3,2,1-ij]quinolin-3-one CollisionEnergy:102040 M+H	BERKELEY-LAB	temp/spectra_filtered.mgf710	-1	BERKELEY-LAB.mgf	470.787				7	0	0.0942078	200.201	0	CCMSLIB00010103422
27	spectra_filtered.mgf	*..*		:1	29	-1	0	182.985	1	0.875367	0	0	2.5763	3792140.0	4-Hydroxyphenylpyruvic_acid M+H	WINE-DB-ORBITRAP	temp/spectra_filtered.mgf27	-1	WINE-DB-ORBITRAP.mgf	449.629				7	0	0.0822754	182.903	0	CCMSLIB00013639059
294	spectra_filtered.mgf	*..*		:1115	321	-1	0	184.058	1	0.875235	0	0	150380.0	1857420.0	3-hydroxybutyroyl glycine [M+Na]+ [M+Na]+	3-HYDROXY-ACYL-AMIDES-LIBRARY	temp/spectra_filtered.mgf294	-1	3-HYDROXY-ACYL-AMIDES-LIBRARY.mgf	209.079				7	0	0.0384827	184.02	0	CCMSLIB00013641135
2482	spectra_filtered.mgf	*..*		:10634	25	-1	0	338.341	1	0.874338	0	0	803472.0	52776700.0	Spectral Match to 13-Docosenamide, (Z)- from NIST14 M+H	GNPS-NIST14-MATCHES	temp/spectra_filtered.mgf2482	-1	GNPS-NIST14-MATCHES.mgf	2.61573				8	0	0.00088501	338.342	0	CCMSLIB00003134511
2358	spectra_filtered.mgf	*..*		:757	1483	-1	0	628.187	1	0.873991	0	0	39100.0	6884420.0	NCGC00385199-01!2-[3,4-bis[[(2S,3R,4S,5S,6R)-3,4,5-trihydroxy-6-(hydroxymethyl)oxan-2-yl]oxy]phenyl]-5,7-dihydroxychromen-4-one M+NH4	GNPS-NIH-NATURALPRODUCTSLIBRARY_ROUND2_POSITIVE	temp/spectra_filtered.mgf2358	-1	GNPS-NIH-NATURALPRODUCTSLIBRARY_ROUND2_POSITIVE.mgf	23.1243				22	0	0.0145264	628.202	0	CCMSLIB00000847749
2347	spectra_filtered.mgf	*..*		:757	1483	-1	0	628.187	1	0.87301	0	0	39100.0	3071840.0	NCGC00385199-01!2-[3,4-bis[[(2S,3R,4S,5S,6R)-3,4,5-trihydroxy-6-(hydroxymethyl)oxan-2-yl]oxy]phenyl]-5,7-dihydroxychromen-4-one M+NH4	GNPS-NIH-NATURALPRODUCTSLIBRARY_ROUND2_POSITIVE	temp/spectra_filtered.mgf2347	-1	GNPS-NIH-NATURALPRODUCTSLIBRARY_ROUND2_POSITIVE.mgf	23.9987				21	0	0.0150757	628.202	0	CCMSLIB00000847749
1977	spectra_filtered.mgf	*..*		:6834	6834	-1	0	263.237	1	0.872693	0	0	375149.0	2415470.0	2,4,6-Tri-tert-butylphenol_CE30 M+H	WFSR-LIBRARY	temp/spectra_filtered.mgf1977	-1	WFSR-LIBRARY.mgf	5.4488				9	0	0.00143433	263.238	0	CCMSLIB00013940615
2697	spectra_filtered.mgf	*..*		:1427	4499	-1	0	776.234	1	0.871693	0	0	63569300.0	8040800.0	Contaminant vial septum ThermoFisher C5000-44B M+NH4	GNPS-LIBRARY	temp/spectra_filtered.mgf2697	-1	GNPS-LIBRARY.mgf	1.65123				17	0	0.00128174	776.233	0	CCMSLIB00005435824
1999	spectra_filtered.mgf	*..*		:49792	61791	-1	0	363.31	1	0.870881	0	0	108676.0	1802260.0	Massbank:AU406506 3,6,9,12-Tetraoxatetracosan-1-ol|Tetraethylene glycol monododecyl ether|2-[2-[2-(2-dodecoxyethoxy)ethoxy]ethoxy]ethanol M+H	MASSBANK	temp/spectra_filtered.mgf1999	-1	MASSBANK.mgf	6.6359				10	0	0.00241089	363.312	0	CCMSLIB00005775343
1503	spectra_filtered.mgf	*..*		:27917	27917	-1	0	520.34	1	0.870142	0	0	1640330.0	1261120.0	PC(18:2/0:0); [M+H]+ C26H51N1O7P1 M+H	PNNL-LIPIDS-POSITIVE	temp/spectra_filtered.mgf1503	-1	PNNL-LIPIDS-POSITIVE.mgf	4.34005				7	0	0.0022583	520.342	0	CCMSLIB00010099321
1070	spectra_filtered.mgf	*..*		:6515	6513	-1	0	248.114	1	0.867818	0	0	3512.0	303908.0	ReSpect:PT110630 1-Isothiocyanato-9-(methylsulfinyl)-nonane|9-Methylsulfinylnonnyl isothiocyanate [M+H]	RESPECT	temp/spectra_filtered.mgf1070	-1	RESPECT.mgf	4.85843				8	0	0.00120544	248.115	0	CCMSLIB00000221589
1930	spectra_filtered.mgf	*..*		:12857	12856	-1	0	600.468	1	0.86571	0	0	321.854	687825.0	Polidocanol [M+NH4]+	MSNLIB-POSITIVE	temp/spectra_filtered.mgf1930	-1	MSNLIB-POSITIVE.mgf	5.0823				14	0	0.00305176	600.471	0	CCMSLIB00012287158
1929	spectra_filtered.mgf	*..*		:19434	19434	-1	0	600.468	1	0.865684	0	0	321.854	518502.0	Polidocanol M+H	MCE-DRUG	temp/spectra_filtered.mgf1929	-1	MCE-DRUG.mgf	5.79382				15	0	0.003479	600.471	0	CCMSLIB00010149158
1419	spectra_filtered.mgf	*..*		:524	305	-1	0	478.287	1	0.864573	0	0	274517.0	1094970.0	NCGC00380283-01!4-[5-[[4-[5-[acetyl(hydroxy)amino]pentylamino]-4-oxobutanoyl]-hydroxyamino]pentylamino]-4-oxobutanoic acid M+NH4	GNPS-NIH-NATURALPRODUCTSLIBRARY_ROUND2_POSITIVE	temp/spectra_filtered.mgf1419	-1	GNPS-NIH-NATURALPRODUCTSLIBRARY_ROUND2_POSITIVE.mgf	17.8019				11	0	0.0085144	478.296	0	CCMSLIB00000845585
835	spectra_filtered.mgf	*..*		:669	1423	-1	0	277.128	1	0.864348	0	0	127402000.0	873551.0	MassbankEU:SM878101 Triethylcitrate|triethyl 2-hydroxypropane-1,2,3-tricarboxylate [M+H]+	MASSBANKEU	temp/spectra_filtered.mgf835	-1	MASSBANKEU.mgf	2.53278				7	0	0.000701904	277.129	0	CCMSLIB00000842030
2127	spectra_filtered.mgf	*..*		:4774	3163	-1	0	282.28	1	0.864209	0	0	1464660.0	6247230.0	Spectral Match to 9-Octadecenamide, (Z)- from NIST14 M+H	GNPS-NIST14-MATCHES	temp/spectra_filtered.mgf2127	-1	GNPS-NIST14-MATCHES.mgf	7.13533				8	0	0.00201416	282.282	0	CCMSLIB00003137650
1835	spectra_filtered.mgf	*..*		:3329	287	-1	0	424.267	1	0.862554	0	0	1009350.0	161495.0	3-hydroxyhexadecanoyl glutamic acid [M+Na]+ [M+Na]+	3-HYDROXY-ACYL-AMIDES-LIBRARY	temp/spectra_filtered.mgf1835	-1	3-HYDROXY-ACYL-AMIDES-LIBRARY.mgf	220.682				9	0	0.0936279	424.361	0	CCMSLIB00013641099
2356	spectra_filtered.mgf	*..*		:757	1483	-1	0	628.187	1	0.861838	0	0	39100.0	11279800.0	NCGC00385199-01!2-[3,4-bis[[(2S,3R,4S,5S,6R)-3,4,5-trihydroxy-6-(hydroxymethyl)oxan-2-yl]oxy]phenyl]-5,7-dihydroxychromen-4-one M+NH4	GNPS-NIH-NATURALPRODUCTSLIBRARY_ROUND2_POSITIVE	temp/spectra_filtered.mgf2356	-1	GNPS-NIH-NATURALPRODUCTSLIBRARY_ROUND2_POSITIVE.mgf	23.9016				20	0	0.0150146	628.202	0	CCMSLIB00000847749
2710	spectra_filtered.mgf	*..*		:1427	4499	-1	0	776.234	1	0.861087	0	0	63569300.0	8944660.0	Contaminant vial septum ThermoFisher C5000-44B M+NH4	GNPS-LIBRARY	temp/spectra_filtered.mgf2710	-1	GNPS-LIBRARY.mgf	2.12301				17	0	0.00164795	776.232	0	CCMSLIB00005435824
1795	spectra_filtered.mgf	*..*		:49792	61791	-1	0	363.31	1	0.86046	0	0	108676.0	639658.0	Massbank:AU406506 3,6,9,12-Tetraoxatetracosan-1-ol|Tetraethylene glycol monododecyl ether|2-[2-[2-(2-dodecoxyethoxy)ethoxy]ethoxy]ethanol M+H	MASSBANK	temp/spectra_filtered.mgf1795	-1	MASSBANK.mgf	6.2999				10	0	0.00228882	363.312	0	CCMSLIB00005775343
2273	spectra_filtered.mgf	*..*		:8563	283	-1	0	185.081	1	0.859021	0	0	9596610.0	1205460.0	Asperlactone M+H	TUEBINGEN-NATURAL-PRODUCT-COLLECTION	temp/spectra_filtered.mgf2273	-1	TUEBINGEN-NATURAL-PRODUCT-COLLECTION.mgf	504.062				6	0	0.0932922	184.988	0	CCMSLIB00011906249
2215	spectra_filtered.mgf	*..*		:8563	283	-1	0	185.081	1	0.857193	0	0	9596610.0	1191990.0	Asperlactone M+H	TUEBINGEN-NATURAL-PRODUCT-COLLECTION	temp/spectra_filtered.mgf2215	-1	TUEBINGEN-NATURAL-PRODUCT-COLLECTION.mgf	503.485				6	0	0.0931854	184.988	0	CCMSLIB00011906249
1338	spectra_filtered.mgf	*..*		:2951	1794	-1	0	277.216	1	0.856728	0	0	625737.0	456429.0	Spectral Match to 13S-Hydroxy-9Z,11E,15Z-octadecatrienoic acid from NIST14 M+H-H2O	GNPS-NIST14-MATCHES	temp/spectra_filtered.mgf1338	-1	GNPS-NIST14-MATCHES.mgf	7.37576				11	0	0.00204468	277.218	0	CCMSLIB00003136281
2085	spectra_filtered.mgf	*..*		:4371	2613	-1	0	256.263	1	0.855361	0	0	2967350.0	3825220.0	Spectral Match to Palmitamide from NIST14 M+H	GNPS-NIST14-MATCHES	temp/spectra_filtered.mgf2085	-1	GNPS-NIST14-MATCHES.mgf	10.3606				7	0	0.00265503	256.266	0	CCMSLIB00003137100
2694	spectra_filtered.mgf	*..*		:1427	4499	-1	0	776.234	1	0.853798	0	0	63569300.0	4977540.0	Contaminant vial septum ThermoFisher C5000-44B M+NH4	GNPS-LIBRARY	temp/spectra_filtered.mgf2694	-1	GNPS-LIBRARY.mgf	2.12301				18	0	0.00164795	776.232	0	CCMSLIB00005435824
974	spectra_filtered.mgf	*..*		:1805	4524	-1	0	279.093	1	0.85357	0	0	10224300.0	559623.0	Spectral Match to Triphenylphosphine oxide from NIST14 M+H	GNPS-NIST14-MATCHES	temp/spectra_filtered.mgf974	-1	GNPS-NIST14-MATCHES.mgf	2.73364				7	0	0.000762939	279.094	0	CCMSLIB00003139011
2111	spectra_filtered.mgf	*..*		:4218	5408	-1	0	265.252	1	0.853381	0	0	1406980.0	12419800.0	Spectral Match to 9-Octadecenamide, (Z)- from NIST14 M+H-NH3	GNPS-NIST14-MATCHES	temp/spectra_filtered.mgf2111	-1	GNPS-NIST14-MATCHES.mgf	13.0008				9	0	0.00344849	265.255	0	CCMSLIB00003139895
1199	spectra_filtered.mgf	*..*		:42212	54211	-1	0	295.19	1	0.852287	0	0	46170.9	455299.0	Massbank:NA002994 [6]-Gingerol|5-hydroxy-1-(4-hydroxy-3-methoxyphenyl)decan-3-one M+H	MASSBANK	temp/spectra_filtered.mgf1199	-1	MASSBANK.mgf	6.92665				7	0	0.00204468	295.192	0	CCMSLIB00005767763
2287	spectra_filtered.mgf	*..*		:8563	283	-1	0	185.081	1	0.852138	0	0	9596610.0	1097840.0	Asperlactone M+H	TUEBINGEN-NATURAL-PRODUCT-COLLECTION	temp/spectra_filtered.mgf2287	-1	TUEBINGEN-NATURAL-PRODUCT-COLLECTION.mgf	529.867				6	0	0.0980682	184.983	0	CCMSLIB00011906249
2026	spectra_filtered.mgf	*..*		:6834	6834	-1	0	263.237	1	0.849742	0	0	375149.0	589284.0	2,4,6-Tri-tert-butylphenol_CE30 M+H	WFSR-LIBRARY	temp/spectra_filtered.mgf2026	-1	WFSR-LIBRARY.mgf	6.37626				8	0	0.00167847	263.239	0	CCMSLIB00013940615
1046	spectra_filtered.mgf	*..*		:38544	50543	-1	0	274.274	1	0.849606	0	0	18496300.0	2949660.0	Massbank:LU030803 Lauryldiethanolamine|2-[dodecyl(2-hydroxyethyl)amino]ethanol M+H	MASSBANK	temp/spectra_filtered.mgf1046	-1	MASSBANK.mgf	5.007				7	0	0.00137329	274.275	0	CCMSLIB00005764095
1420	spectra_filtered.mgf	*..*		:524	305	-1	0	478.287	1	0.847497	0	0	274517.0	991510.0	NCGC00380283-01!4-[5-[[4-[5-[acetyl(hydroxy)amino]pentylamino]-4-oxobutanoyl]-hydroxyamino]pentylamino]-4-oxobutanoic acid M+NH4	GNPS-NIH-NATURALPRODUCTSLIBRARY_ROUND2_POSITIVE	temp/spectra_filtered.mgf1420	-1	GNPS-NIH-NATURALPRODUCTSLIBRARY_ROUND2_POSITIVE.mgf	17.2276				10	0	0.00823975	478.295	0	CCMSLIB00000845585
1198	spectra_filtered.mgf	*..*		:42212	54211	-1	0	295.19	1	0.846498	0	0	46170.9	217049.0	Massbank:NA002994 [6]-Gingerol|5-hydroxy-1-(4-hydroxy-3-methoxyphenyl)decan-3-one M+H	MASSBANK	temp/spectra_filtered.mgf1198	-1	MASSBANK.mgf	7.85709				8	0	0.00231934	295.192	0	CCMSLIB00005767763
2234	spectra_filtered.mgf	*..*		:5136	2221	-1	0	338.342	1	0.845692	0	0	336668.0	831873.0	Spectral Match to 13-Docosenamide, (Z)- from NIST14 M+H	GNPS-NIST14-MATCHES	temp/spectra_filtered.mgf2234	-1	GNPS-NIST14-MATCHES.mgf	9.74132				7	0	0.0032959	338.345	0	CCMSLIB00003136708
1085	spectra_filtered.mgf	*..*		:2079	4670	-1	0	616.176	1	0.844932	0	0	10846200.0	294340.0	Spectral Match to Hemin cation from NIST14 Cat	GNPS-NIST14-MATCHES	temp/spectra_filtered.mgf1085	-1	GNPS-NIST14-MATCHES.mgf	6.93383				7	0	0.00427246	616.18	0	CCMSLIB00003139157
2481	spectra_filtered.mgf	*..*		:15328	13021	-1	0	675.674	1	0.844031	0	0	535394.0	1485090.0	13-Docosenamide, (Z)- M+H	GNPS-LIBRARY	temp/spectra_filtered.mgf2481	-1	GNPS-LIBRARY.mgf	4.06495				12	0	0.00274658	675.677	0	CCMSLIB00010152838
2109	spectra_filtered.mgf	*..*		:1925	5528	-1	0	563.549	1	0.843444	0	0	409732.0	3217640.0	Spectral Match to 9-Octadecenamide, (Z)- from NIST14 2M+H	GNPS-NIST14-MATCHES	temp/spectra_filtered.mgf2109	-1	GNPS-NIST14-MATCHES.mgf	13.5381				11	0	0.00762939	563.557	0	CCMSLIB00003140015
1931	spectra_filtered.mgf	*..*		:19434	19434	-1	0	600.468	1	0.841771	0	0	321.854	360542.0	Polidocanol M+H	MCE-DRUG	temp/spectra_filtered.mgf1931	-1	MCE-DRUG.mgf	6.4037				12	0	0.00384521	600.464	0	CCMSLIB00010149158
889	spectra_filtered.mgf	*..*		:6513	6511	-1	0	220.083	1	0.841325	0	0	3326.0	6216270.0	ReSpect:PT110610 1-Isothiocyanato-7-(methylsulfinyl)-heptane|7-Methylsulfinylheptyl isothiocyanate [M+H]	RESPECT	temp/spectra_filtered.mgf889	-1	RESPECT.mgf	0.901316				7	0	0.000198364	220.083	0	CCMSLIB00000221586
1347	spectra_filtered.mgf	*..*		:20185	20185	-1	0	518.325	1	0.839741	0	0	2335090.0	685398.0	PC(18:3/0:0); [M+H]+ C26H49N1O7P1 M+H	PNNL-LIPIDS-POSITIVE	temp/spectra_filtered.mgf1347	-1	PNNL-LIPIDS-POSITIVE.mgf	4.12141				6	0	0.00213623	518.327	0	CCMSLIB00010091589
1344	spectra_filtered.mgf	*..*		:2315	271	-1	0	277.215	1	0.839501	0	0	674372.0	460990.0	Spectral Match to 13-Keto-9Z,11E-octadecadienoic acid from NIST14 M+H-H2O	GNPS-NIST14-MATCHES	temp/spectra_filtered.mgf1344	-1	GNPS-NIST14-MATCHES.mgf	10.0179				11	0	0.0027771	277.218	0	CCMSLIB00003134757
2028	spectra_filtered.mgf	*..*		:2488	33	-1	0	263.237	1	0.839402	0	0	628374.0	301614.0	2,4,6-Tri-tert-butylphenol M+H	ECRFS_DB	temp/spectra_filtered.mgf2028	-1	ECRFS_DB.mgf	6.14439				8	0	0.00161743	263.235	0	CCMSLIB00012728788
1063	spectra_filtered.mgf	*..*		:38544	50543	-1	0	274.274	1	0.839298	0	0	18496300.0	2251460.0	Massbank:LU030803 Lauryldiethanolamine|2-[dodecyl(2-hydroxyethyl)amino]ethanol M+H	MASSBANK	temp/spectra_filtered.mgf1063	-1	MASSBANK.mgf	5.3408				6	0	0.00146484	274.275	0	CCMSLIB00005764095
2173	spectra_filtered.mgf	*..*		:24814	43276	-1	0	355.102	1	0.837868	0	0	290.854	2759520.0	(1S,3R,4S,5R)-4-{[(2E)-3-(3,4-dihydroxyphenyl)prop-2-enoyl]oxy}-1,3,5-trihydroxycyclohexane-1-carboxylic acid [M+H]+	MONA	temp/spectra_filtered.mgf2173	-1	MONA.mgf	78.8073				7	0	0.0279846	355.074	0	CCMSLIB00004715877
1422	spectra_filtered.mgf	*..*		:2488	33	-1	0	263.237	1	0.837497	0	0	628374.0	966862.0	2,4,6-Tri-tert-butylphenol M+H	ECRFS_DB	temp/spectra_filtered.mgf1422	-1	ECRFS_DB.mgf	5.4488				8	0	0.00143433	263.238	0	CCMSLIB00012728788
1461	spectra_filtered.mgf	*..*		:6199	6199	-1	0	327.078	1	0.836322	0	0	470.581	349427.0	MoNA:904060 phosphoric acid triphenyl ester M+H	MONA	temp/spectra_filtered.mgf1461	-1	MONA.mgf	5.0384				12	0	0.00164795	327.08	0	CCMSLIB00000568948
2509	spectra_filtered.mgf	*..*		:1382	4497	-1	0	702.215	1	0.836217	0	0	49944500.0	7368290.0	Contaminant vial septum ThermoFisher C5000-44B M+NH4	GNPS-LIBRARY	temp/spectra_filtered.mgf2509	-1	GNPS-LIBRARY.mgf	1.30377				17	0	0.000915527	702.214	0	CCMSLIB00005435822
2362	spectra_filtered.mgf	*..*		:24814	43276	-1	0	355.102	1	0.83616	0	0	290.854	2278990.0	(1S,3R,4S,5R)-4-{[(2E)-3-(3,4-dihydroxyphenyl)prop-2-enoyl]oxy}-1,3,5-trihydroxycyclohexane-1-carboxylic acid [M+H]+	MONA	temp/spectra_filtered.mgf2362	-1	MONA.mgf	78.6354				7	0	0.0279236	355.074	0	CCMSLIB00004715877
1283	spectra_filtered.mgf	*..*		:41175	53174	-1	0	302.305	1	0.833333	0	0	14894800.0	709230.0	Massbank:LU100204 2,2'-(Tetradecylimino)diethanol|Tetradecyldiethanolamine M+H	MASSBANK	temp/spectra_filtered.mgf1283	-1	MASSBANK.mgf	6.56173				7	0	0.00198364	302.307	0	CCMSLIB00005766726
1575	spectra_filtered.mgf	*..*		:2315	271	-1	0	277.215	1	0.833085	0	0	674372.0	467214.0	Spectral Match to 13-Keto-9Z,11E-octadecadienoic acid from NIST14 M+H-H2O	GNPS-NIST14-MATCHES	temp/spectra_filtered.mgf1575	-1	GNPS-NIST14-MATCHES.mgf	10.6784				10	0	0.00296021	277.218	0	CCMSLIB00003134757
1988	spectra_filtered.mgf	*..*		:6834	6834	-1	0	263.237	1	0.831992	0	0	375149.0	3174570.0	2,4,6-Tri-tert-butylphenol_CE30 M+H	WFSR-LIBRARY	temp/spectra_filtered.mgf1988	-1	WFSR-LIBRARY.mgf	4.63728				8	0	0.0012207	263.238	0	CCMSLIB00013940615
2185	spectra_filtered.mgf	*..*		:24815	43277	-1	0	355.102	1	0.831141	0	0	270.277	8292610.0	(1S,3R,4S,5R)-4-{[(2E)-3-(3,4-dihydroxyphenyl)prop-2-enoyl]oxy}-1,3,5-trihydroxycyclohexane-1-carboxylic acid [M+H]+	MONA	temp/spectra_filtered.mgf2185	-1	MONA.mgf	79.6667				8	0	0.0282898	355.074	0	CCMSLIB00004715878
2360	spectra_filtered.mgf	*..*		:24814	43276	-1	0	355.102	1	0.830016	0	0	290.854	7536310.0	(1S,3R,4S,5R)-4-{[(2E)-3-(3,4-dihydroxyphenyl)prop-2-enoyl]oxy}-1,3,5-trihydroxycyclohexane-1-carboxylic acid [M+H]+	MONA	temp/spectra_filtered.mgf2360	-1	MONA.mgf	79.5807				7	0	0.0282593	355.074	0	CCMSLIB00004715877
690	spectra_filtered.mgf	*..*		:22102	34101	-1	0	202.126	1	0.829464	0	0	1593.0	26883400.0	Massbank:PR310886 9-methanesulfinylnonanenitrile (isomer of 665) M+H	MASSBANK	temp/spectra_filtered.mgf690	-1	MASSBANK.mgf	0.452949				6	0	9.15527e-05	202.126	0	CCMSLIB00005747653
2511	spectra_filtered.mgf	*..*		:24814	43276	-1	0	355.102	1	0.827705	0	0	290.854	3984310.0	(1S,3R,4S,5R)-4-{[(2E)-3-(3,4-dihydroxyphenyl)prop-2-enoyl]oxy}-1,3,5-trihydroxycyclohexane-1-carboxylic acid [M+H]+	MONA	temp/spectra_filtered.mgf2511	-1	MONA.mgf	89.292				8	0	0.0317078	355.07	0	CCMSLIB00004715877
1468	spectra_filtered.mgf	*..*		:3382	2017	-1	0	275.2	1	0.827503	0	0	1021470.0	422589.0	Spectral Match to 9-OxoOTrE from NIST14 M+H-H2O	GNPS-NIST14-MATCHES	temp/spectra_filtered.mgf1468	-1	GNPS-NIST14-MATCHES.mgf	7.65157				10	0	0.00210571	275.202	0	CCMSLIB00003136504
2522	spectra_filtered.mgf	*..*		:1382	4497	-1	0	702.215	1	0.824991	0	0	49944500.0	13986500.0	Contaminant vial septum ThermoFisher C5000-44B M+NH4	GNPS-LIBRARY	temp/spectra_filtered.mgf2522	-1	GNPS-LIBRARY.mgf	4.69357				16	0	0.0032959	702.212	0	CCMSLIB00005435822
1262	spectra_filtered.mgf	*..*		:46773	58772	-1	0	288.253	1	0.82481	0	0	257700.0	554859.0	Massbank:AU284606 Lauryl diethanolamide|N,N-bis(2-hydroxyethyl)dodecanamide M+H	MASSBANK	temp/spectra_filtered.mgf1262	-1	MASSBANK.mgf	6.77573				6	0	0.00195312	288.255	0	CCMSLIB00005772324
1502	spectra_filtered.mgf	*..*		:2687	4532	-1	0	275.201	1	0.822976	0	0	331150.0	406994.0	Spectral Match to 9-OxoOTrE from NIST14 M+H-H2O	GNPS-NIST14-MATCHES	temp/spectra_filtered.mgf1502	-1	GNPS-NIST14-MATCHES.mgf	3.54854				9	0	0.000976562	275.202	0	CCMSLIB00003139019
965	spectra_filtered.mgf	*..*		:1791	3210	-1	0	249.206	1	0.822887	0	0	328538.0	835736.0	Spectral Match to Tri(propylene glycol) butyl ether from NIST14 M+H	GNPS-NIST14-MATCHES	temp/spectra_filtered.mgf965	-1	GNPS-NIST14-MATCHES.mgf	1.89812				6	0	0.000473022	249.206	0	CCMSLIB00003137697
1523	spectra_filtered.mgf	*..*		:2796	236	-1	0	279.232	1	0.822797	0	0	942813.0	486788.0	Spectral Match to 9(10)-EpOME from NIST14 M+H-H2O	GNPS-NIST14-MATCHES	temp/spectra_filtered.mgf1523	-1	GNPS-NIST14-MATCHES.mgf	4.9181				8	0	0.00137329	279.233	0	CCMSLIB00003134722
1576	spectra_filtered.mgf	*..*		:2315	271	-1	0	277.215	1	0.821768	0	0	674372.0	390302.0	Spectral Match to 13-Keto-9Z,11E-octadecadienoic acid from NIST14 M+H-H2O	GNPS-NIST14-MATCHES	temp/spectra_filtered.mgf1576	-1	GNPS-NIST14-MATCHES.mgf	10.0179				10	0	0.0027771	277.218	0	CCMSLIB00003134757
2489	spectra_filtered.mgf	*..*		:1382	4497	-1	0	702.215	1	0.821335	0	0	49944500.0	8785870.0	Contaminant vial septum ThermoFisher C5000-44B M+NH4	GNPS-LIBRARY	temp/spectra_filtered.mgf2489	-1	GNPS-LIBRARY.mgf	1.04302				17	0	0.000732422	702.214	0	CCMSLIB00005435822
1852	spectra_filtered.mgf	*..*		:3888	2008	-1	0	237.221	1	0.816868	0	0	12114000.0	718475.0	Spectral Match to Palmitelaidic acid from NIST14 M+H-H2O	GNPS-NIST14-MATCHES	temp/spectra_filtered.mgf1852	-1	GNPS-NIST14-MATCHES.mgf	6.62528				9	0	0.00157166	237.223	0	CCMSLIB00003136495
1517	spectra_filtered.mgf	*..*		:2297	6919	-1	0	279.233	1	0.815264	0	0	225900.0	422746.0	NCGC00381425-01!8-hydroxy-8-(3-octyloxiran-2-yl)octanoic acid [IIN-based on: CCMSLIB00000846585] [M-2H2O+H]+	GNPS-NIH-NATURALPRODUCTSLIBRARY_ROUND2_POSITIVE	temp/spectra_filtered.mgf1517	-1	GNPS-NIH-NATURALPRODUCTSLIBRARY_ROUND2_POSITIVE.mgf	1.31149				10	0	0.000366211	279.233	0	CCMSLIB00005722215
1570	spectra_filtered.mgf	*..*		:2629	182	-1	0	295.226	1	0.814717	0	0	360129.0	412469.0	Spectral Match to 13-Keto-9Z,11E-octadecadienoic acid from NIST14 M+H	GNPS-NIST14-MATCHES	temp/spectra_filtered.mgf1570	-1	GNPS-NIST14-MATCHES.mgf	8.47636				9	0	0.00250244	295.229	0	CCMSLIB00003134668
1558	spectra_filtered.mgf	*..*		:4774	3163	-1	0	282.28	1	0.812548	0	0	1464660.0	158829.0	Spectral Match to 9-Octadecenamide, (Z)- from NIST14 M+H	GNPS-NIST14-MATCHES	temp/spectra_filtered.mgf1558	-1	GNPS-NIST14-MATCHES.mgf	2.05411				8	0	0.000579834	282.281	0	CCMSLIB00003137650
2223	spectra_filtered.mgf	*..*		:5136	2221	-1	0	338.342	1	0.811596	0	0	336668.0	777936.0	Spectral Match to 13-Docosenamide, (Z)- from NIST14 M+H	GNPS-NIST14-MATCHES	temp/spectra_filtered.mgf2223	-1	GNPS-NIST14-MATCHES.mgf	10.4629				8	0	0.00354004	338.346	0	CCMSLIB00003136708
1479	spectra_filtered.mgf	*..*		:3287	5625	-1	0	293.211	1	0.811471	0	0	708085.0	346734.0	Spectral Match to 9-OxoOTrE from NIST14 M+H	GNPS-NIST14-MATCHES	temp/spectra_filtered.mgf1479	-1	GNPS-NIST14-MATCHES.mgf	5.09995				10	0	0.00149536	293.212	0	CCMSLIB00003140112
1572	spectra_filtered.mgf	*..*		:3179	726	-1	0	352.246	1	0.811051	0	0	300033.0	297707.0	3-hydroxytridecanoyl valine [M+Na]+ [M+Na]+	3-HYDROXY-ACYL-AMIDES-LIBRARY	temp/spectra_filtered.mgf1572	-1	3-HYDROXY-ACYL-AMIDES-LIBRARY.mgf	175.007				7	0	0.0616455	352.308	0	CCMSLIB00013641558
2112	spectra_filtered.mgf	*..*		:4774	3163	-1	0	282.28	1	0.807094	0	0	1464660.0	130985000.0	Spectral Match to 9-Octadecenamide, (Z)- from NIST14 M+H	GNPS-NIST14-MATCHES	temp/spectra_filtered.mgf2112	-1	GNPS-NIST14-MATCHES.mgf	6.16233				7	0	0.0017395	282.282	0	CCMSLIB00003137650
2650	spectra_filtered.mgf	*..*		:5001	1826	-1	0	613.483	1	0.804856	0	0	1879820.0	2979610.0	Spectral Match to Dilinolenin (9c,12c,15c) from NIST14 M+H	GNPS-NIST14-MATCHES	temp/spectra_filtered.mgf2650	-1	GNPS-NIST14-MATCHES.mgf	0.298469				17	0	0.000183105	613.483	0	CCMSLIB00003136313
1385	spectra_filtered.mgf	*..*		:3495	1821	-1	0	277.216	1	0.802793	0	0	2196100.0	1213380.0	Spectral Match to 9-Oxo-10E,12Z-octadecadienoic acid from NIST14 M+H-H2O	GNPS-NIST14-MATCHES	temp/spectra_filtered.mgf1385	-1	GNPS-NIST14-MATCHES.mgf	6.71524				8	0	0.00186157	277.218	0	CCMSLIB00003136308
12	spectra_filtered.mgf	*..*		:495	8790	-1	0	176.103	1	0.802171	0	0	138849.0	5267250.0	CITRULLINE - 40.0 eV M+H	GNPS-LIBRARY	temp/spectra_filtered.mgf12	-1	GNPS-LIBRARY.mgf	506.798				6	0	0.0892487	176.014	0	CCMSLIB00005883648
1529	spectra_filtered.mgf	*..*		:2796	236	-1	0	279.232	1	0.80197	0	0	942813.0	419859.0	Spectral Match to 9(10)-EpOME from NIST14 M+H-H2O	GNPS-NIST14-MATCHES	temp/spectra_filtered.mgf1529	-1	GNPS-NIST14-MATCHES.mgf	4.48094				7	0	0.00125122	279.233	0	CCMSLIB00003134722
1736	spectra_filtered.mgf	*..*		:3329	287	-1	0	424.267	1	0.801888	0	0	1009350.0	1214120.0	3-hydroxyhexadecanoyl glutamic acid [M+Na]+ [M+Na]+	3-HYDROXY-ACYL-AMIDES-LIBRARY	temp/spectra_filtered.mgf1736	-1	3-HYDROXY-ACYL-AMIDES-LIBRARY.mgf	232.119				10	0	0.0984802	424.365	0	CCMSLIB00013641099
481	spectra_filtered.mgf	*..*		:13362	25361	-1	0	611.161	1	0.799708	0	0	1610.0	1346930.0	Massbank:PR303669 Quercetin 3-O-[2''-O-b-D-glucopyranosyl]-a-L-rhamnopyranoside M+H	MASSBANK	temp/spectra_filtered.mgf481	-1	MASSBANK.mgf	2.99603				7	0	0.00183105	611.159	0	CCMSLIB00005738913
2635	spectra_filtered.mgf	*..*		:3702	526	-1	0	515.412	1	0.797258	0	0	13343.0	1950340.0	Spectral Match to Propanoic acid, 3,3'-thiobis-, didodecyl ester from NIST14 M+H	GNPS-NIST14-MATCHES	temp/spectra_filtered.mgf2635	-1	GNPS-NIST14-MATCHES.mgf	2.24998				7	0	0.00115967	515.413	0	CCMSLIB00003135012
1982	spectra_filtered.mgf	*..*		:2488	33	-1	0	263.237	1	0.795865	0	0	628374.0	1893780.0	2,4,6-Tri-tert-butylphenol M+H	ECRFS_DB	temp/spectra_filtered.mgf1982	-1	ECRFS_DB.mgf	6.83998				7	0	0.00180054	263.235	0	CCMSLIB00012728788
2513	spectra_filtered.mgf	*..*		:24814	43276	-1	0	355.102	1	0.795267	0	0	290.854	2512690.0	(1S,3R,4S,5R)-4-{[(2E)-3-(3,4-dihydroxyphenyl)prop-2-enoyl]oxy}-1,3,5-trihydroxycyclohexane-1-carboxylic acid [M+H]+	MONA	temp/spectra_filtered.mgf2513	-1	MONA.mgf	88.9482				7	0	0.0315857	355.07	0	CCMSLIB00004715877
1289	spectra_filtered.mgf	*..*		:41175	53174	-1	0	302.305	1	0.792639	0	0	14894800.0	538130.0	Massbank:LU100204 2,2'-(Tetradecylimino)diethanol|Tetradecyldiethanolamine M+H	MASSBANK	temp/spectra_filtered.mgf1289	-1	MASSBANK.mgf	6.25888				6	0	0.00189209	302.307	0	CCMSLIB00005766726
1453	spectra_filtered.mgf	*..*		:2687	4532	-1	0	275.201	1	0.792009	0	0	331150.0	524778.0	Spectral Match to 9-OxoOTrE from NIST14 M+H-H2O	GNPS-NIST14-MATCHES	temp/spectra_filtered.mgf1453	-1	GNPS-NIST14-MATCHES.mgf	4.43568				8	0	0.0012207	275.202	0	CCMSLIB00003139019
1406	spectra_filtered.mgf	*..*		:2044	2536	-1	0	277.216	1	0.788091	0	0	156922.0	683829.0	Spectral Match to 13-Keto-9Z,11E-octadecadienoic acid from NIST14 M+H-H2O	GNPS-NIST14-MATCHES	temp/spectra_filtered.mgf1406	-1	GNPS-NIST14-MATCHES.mgf	7.0455				7	0	0.00195312	277.218	0	CCMSLIB00003137023
2647	spectra_filtered.mgf	*..*		:10748	28	-1	0	338.341	1	0.787162	0	0	1553900.0	1768650.0	Spectral Match to 13-Docosenamide, (Z)- from NIST14 M+H	GNPS-NIST14-MATCHES	temp/spectra_filtered.mgf2647	-1	GNPS-NIST14-MATCHES.mgf	2.88633				8	0	0.000976562	338.342	0	CCMSLIB00003134514
1501	spectra_filtered.mgf	*..*		:2687	4532	-1	0	275.201	1	0.785936	0	0	331150.0	421525.0	Spectral Match to 9-OxoOTrE from NIST14 M+H-H2O	GNPS-NIST14-MATCHES	temp/spectra_filtered.mgf1501	-1	GNPS-NIST14-MATCHES.mgf	3.99211				9	0	0.00109863	275.202	0	CCMSLIB00003139019
640	spectra_filtered.mgf	*..*		:2956	3402	-1	0	185.071	1	0.784983	0	0	434427.0	805102.0	4-((hydroxyimino)methyl)-1-methylhydroquinolin-2-one CollisionEnergy:102040 M+H-H2O	BERKELEY-LAB	temp/spectra_filtered.mgf640	-1	BERKELEY-LAB.mgf	239.347				6	0	0.0442963	185.115	0	CCMSLIB00010105390
1847	spectra_filtered.mgf	*..*		:3206	1293	-1	0	237.221	1	0.784204	0	0	1088870.0	397359.0	Spectral Match to cis-9-Hexadecenoic acid from NIST14 M+H-H2O	GNPS-NIST14-MATCHES	temp/spectra_filtered.mgf1847	-1	GNPS-NIST14-MATCHES.mgf	4.82423				9	0	0.00114441	237.22	0	CCMSLIB00003135779
1663	spectra_filtered.mgf	*..*		:2044	2536	-1	0	277.216	1	0.783718	0	0	156922.0	203395.0	Spectral Match to 13-Keto-9Z,11E-octadecadienoic acid from NIST14 M+H-H2O	GNPS-NIST14-MATCHES	temp/spectra_filtered.mgf1663	-1	GNPS-NIST14-MATCHES.mgf	6.38498				7	0	0.00177002	277.218	0	CCMSLIB00003137023
1897	spectra_filtered.mgf	*..*		:35108	47107	-1	0	403.233	1	0.78308	0	0	302779.0	552701.0	Massbank:LU052302 Acetyl tributyl citrate|tributyl 2-acetyloxypropane-1,2,3-tricarboxylate M+H	MASSBANK	temp/spectra_filtered.mgf1897	-1	MASSBANK.mgf	4.46525				8	0	0.00180054	403.235	0	CCMSLIB00005760659
2303	spectra_filtered.mgf	*..*		:2620	7140	-1	0	310.347	1	0.782596	0	0	75363200.0	1610530.0	(2R,6R)-2-methyl-6-pentadecylpiperidine M+H	GNPS-LIBRARY	temp/spectra_filtered.mgf2303	-1	GNPS-LIBRARY.mgf	106.987				6	0	0.0332031	310.314	0	CCMSLIB00005724651
1466	spectra_filtered.mgf	*..*		:3155	1376	-1	0	275.2	1	0.780472	0	0	417418.0	238195.0	Spectral Match to 9-OxoOTrE from NIST14 M+H-H2O	GNPS-NIST14-MATCHES	temp/spectra_filtered.mgf1466	-1	GNPS-NIST14-MATCHES.mgf	9.09317				10	0	0.00250244	275.203	0	CCMSLIB00003135863
1388	spectra_filtered.mgf	*..*		:2083	4157	-1	0	277.216	1	0.77382	0	0	164177.0	1520130.0	Spectral Match to 9-Oxo-10E,12Z-octadecadienoic acid from NIST14 M+H-H2O	GNPS-NIST14-MATCHES	temp/spectra_filtered.mgf1388	-1	GNPS-NIST14-MATCHES.mgf	6.05473				8	0	0.00167847	277.218	0	CCMSLIB00003138644
1416	spectra_filtered.mgf	*..*		:2044	2536	-1	0	277.216	1	0.773753	0	0	156922.0	585823.0	Spectral Match to 13-Keto-9Z,11E-octadecadienoic acid from NIST14 M+H-H2O	GNPS-NIST14-MATCHES	temp/spectra_filtered.mgf1416	-1	GNPS-NIST14-MATCHES.mgf	6.60516				7	0	0.00183105	277.218	0	CCMSLIB00003137023
1137	spectra_filtered.mgf	*..*		:1805	4524	-1	0	279.093	1	0.773657	0	0	10224300.0	248562.0	Spectral Match to Triphenylphosphine oxide from NIST14 M+H	GNPS-NIST14-MATCHES	temp/spectra_filtered.mgf1137	-1	GNPS-NIST14-MATCHES.mgf	6.56073				7	0	0.00183105	279.095	0	CCMSLIB00003139011
1348	spectra_filtered.mgf	*..*		:23071	35070	-1	0	518.326	1	0.77345	0	0	2834.0	441624.0	Massbank:PR310841 LPC 18:3 M+H	MASSBANK	temp/spectra_filtered.mgf1348	-1	MASSBANK.mgf	3.29712				6	0	0.00170898	518.328	0	CCMSLIB00005748622
1577	spectra_filtered.mgf	*..*		:2629	182	-1	0	295.226	1	0.772647	0	0	360129.0	322248.0	Spectral Match to 13-Keto-9Z,11E-octadecadienoic acid from NIST14 M+H	GNPS-NIST14-MATCHES	temp/spectra_filtered.mgf1577	-1	GNPS-NIST14-MATCHES.mgf	8.26962				9	0	0.00244141	295.228	0	CCMSLIB00003134668
1452	spectra_filtered.mgf	*..*		:3155	1376	-1	0	275.2	1	0.77104	0	0	417418.0	365378.0	Spectral Match to 9-OxoOTrE from NIST14 M+H-H2O	GNPS-NIST14-MATCHES	temp/spectra_filtered.mgf1452	-1	GNPS-NIST14-MATCHES.mgf	7.09711				8	0	0.00195312	275.202	0	CCMSLIB00003135863
2500	spectra_filtered.mgf	*..*		:5001	1826	-1	0	613.483	1	0.768974	0	0	1879820.0	2168320.0	Spectral Match to Dilinolenin (9c,12c,15c) from NIST14 M+H	GNPS-NIST14-MATCHES	temp/spectra_filtered.mgf2500	-1	GNPS-NIST14-MATCHES.mgf	0.0				15	0	0.0	613.483	0	CCMSLIB00003136313
1842	spectra_filtered.mgf	*..*		:3888	2008	-1	0	237.221	1	0.768941	0	0	12114000.0	682803.0	Spectral Match to Palmitelaidic acid from NIST14 M+H-H2O	GNPS-NIST14-MATCHES	temp/spectra_filtered.mgf1842	-1	GNPS-NIST14-MATCHES.mgf	7.13986				8	0	0.00169373	237.223	0	CCMSLIB00003136495
1703	spectra_filtered.mgf	*..*		:3121	131	-1	0	280.225	1	0.768712	0	0	55885.2	467079.0	3-hydroxydecanoyl amylamine [M+Na]+ [M+Na]+	3-HYDROXY-ACYL-AMIDES-LIBRARY	temp/spectra_filtered.mgf1703	-1	3-HYDROXY-ACYL-AMIDES-LIBRARY.mgf	143.1				9	0	0.0401001	280.265	0	CCMSLIB00013640932
1665	spectra_filtered.mgf	*..*		:6556	1129	-1	0	295.227	1	0.766468	0	0	748856.0	227654.0	Spectral Match to 9-Oxo-10E,12Z-octadecadienoic acid from NIST14 M+H	GNPS-NIST14-MATCHES	temp/spectra_filtered.mgf1665	-1	GNPS-NIST14-MATCHES.mgf	4.85838				11	0	0.00143433	295.228	0	CCMSLIB00003135615
1894	spectra_filtered.mgf	*..*		:35108	47107	-1	0	403.233	1	0.766465	0	0	302779.0	354001.0	Massbank:LU052302 Acetyl tributyl citrate|tributyl 2-acetyloxypropane-1,2,3-tricarboxylate M+H	MASSBANK	temp/spectra_filtered.mgf1894	-1	MASSBANK.mgf	7.79527				7	0	0.00314331	403.23	0	CCMSLIB00005760659
1708	spectra_filtered.mgf	*..*		:3121	131	-1	0	280.225	1	0.765806	0	0	55885.2	367525.0	3-hydroxydecanoyl amylamine [M+Na]+ [M+Na]+	3-HYDROXY-ACYL-AMIDES-LIBRARY	temp/spectra_filtered.mgf1708	-1	3-HYDROXY-ACYL-AMIDES-LIBRARY.mgf	131.338				9	0	0.0368042	280.262	0	CCMSLIB00013640932
514	spectra_filtered.mgf	*..*		:3401	107	-1	0	287.055	1	0.760654	0	0	4174480.0	233020.0	Kaempferol M+H	TUEBINGEN-NATURAL-PRODUCT-COLLECTION	temp/spectra_filtered.mgf514	-1	TUEBINGEN-NATURAL-PRODUCT-COLLECTION.mgf	1.16944				11	0	0.000335693	287.055	0	CCMSLIB00011906073
472	spectra_filtered.mgf	*..*		:1	11952	-1	0	225.076	1	0.760067	0	0	11808300.0	644585.0	Sinapic acid M+H	GNPS-LIBRARY	temp/spectra_filtered.mgf472	-1	GNPS-LIBRARY.mgf	0.474558				6	0	0.000106812	225.076	0	CCMSLIB00010011975
1707	spectra_filtered.mgf	*..*		:3121	131	-1	0	280.225	1	0.756445	0	0	55885.2	426558.0	3-hydroxydecanoyl amylamine [M+Na]+ [M+Na]+	3-HYDROXY-ACYL-AMIDES-LIBRARY	temp/spectra_filtered.mgf1707	-1	3-HYDROXY-ACYL-AMIDES-LIBRARY.mgf	142.664				9	0	0.039978	280.265	0	CCMSLIB00013640932
62	spectra_filtered.mgf	*..*		:1	29	-1	0	182.985	1	0.7554	0	0	2.5763	631508000.0	4-Hydroxyphenylpyruvic_acid M+H	WINE-DB-ORBITRAP	temp/spectra_filtered.mgf62	-1	WINE-DB-ORBITRAP.mgf	1.75115				6	0	0.000320435	182.985	0	CCMSLIB00013639059
1231	spectra_filtered.mgf	*..*		:199616	14761	-1	0	271.061	1	0.755095	0	0	6330000.0	271962.0	Emodin M+H	GNPS-LIBRARY	temp/spectra_filtered.mgf1231	-1	GNPS-LIBRARY.mgf	269.305				6	0	0.072998	271.134	0	CCMSLIB00013580736
1556	spectra_filtered.mgf	*..*		:4774	3163	-1	0	282.28	1	0.754213	0	0	1464660.0	174800.0	Spectral Match to 9-Octadecenamide, (Z)- from NIST14 M+H	GNPS-NIST14-MATCHES	temp/spectra_filtered.mgf1556	-1	GNPS-NIST14-MATCHES.mgf	2.81089				7	0	0.000793457	282.281	0	CCMSLIB00003137650
1890	spectra_filtered.mgf	*..*		:3329	287	-1	0	424.267	1	0.751707	0	0	1009350.0	2252000.0	3-hydroxyhexadecanoyl glutamic acid [M+Na]+ [M+Na]+	3-HYDROXY-ACYL-AMIDES-LIBRARY	temp/spectra_filtered.mgf1890	-1	3-HYDROXY-ACYL-AMIDES-LIBRARY.mgf	232.19				10	0	0.0985107	424.366	0	CCMSLIB00013641099
1251	spectra_filtered.mgf	*..*		:3155	1376	-1	0	275.2	1	0.749603	0	0	417418.0	161326.0	Spectral Match to 9-OxoOTrE from NIST14 M+H-H2O	GNPS-NIST14-MATCHES	temp/spectra_filtered.mgf1251	-1	GNPS-NIST14-MATCHES.mgf	7.76247				10	0	0.00213623	275.202	0	CCMSLIB00003135863
1903	spectra_filtered.mgf	*..*		:35108	47107	-1	0	403.233	1	0.748613	0	0	302779.0	1138790.0	Massbank:LU052302 Acetyl tributyl citrate|tributyl 2-acetyloxypropane-1,2,3-tricarboxylate M+H	MASSBANK	temp/spectra_filtered.mgf1903	-1	MASSBANK.mgf	4.08684				7	0	0.00164795	403.235	0	CCMSLIB00005760659
1322	spectra_filtered.mgf	*..*		:99649	99645	-1	0	275.201	1	0.74706	0	0	157.227	591508.0	71606-07-0 [M+H-H2O]+	MSNLIB-POSITIVE	temp/spectra_filtered.mgf1322	-1	MSNLIB-POSITIVE.mgf	4.21389				12	0	0.00115967	275.202	0	CCMSLIB00012450901
850	spectra_filtered.mgf	*..*		:4422	5197	-1	0	219.21	1	0.742183	0	0	153482.0	209174.0	Spectral Match to Methyl hexadecanoate from NIST14 219.2	GNPS-NIST14-MATCHES	temp/spectra_filtered.mgf850	-1	GNPS-NIST14-MATCHES.mgf	160.795				7	0	0.0352478	219.175	0	CCMSLIB00003139684
2216	spectra_filtered.mgf	*..*		:99651	99647	-1	0	275.201	1	0.74204	0	0	327.103	733021.0	71606-07-0 [M+H-H2O]+	MSNLIB-POSITIVE	temp/spectra_filtered.mgf2216	-1	MSNLIB-POSITIVE.mgf	10.0912				8	0	0.0027771	275.204	0	CCMSLIB00012450903
480	spectra_filtered.mgf	*..*		:1558	1556	-1	0	207.137	1	0.740895	0	0	523.0	1387530.0	ReSpect:PM018114 Sinapoylmalate [M+H]	RESPECT	temp/spectra_filtered.mgf480	-1	RESPECT.mgf	6.33521				7	0	0.00131226	207.138	0	CCMSLIB00000211812
1664	spectra_filtered.mgf	*..*		:3689	1915	-1	0	277.216	1	0.740567	0	0	762297.0	162609.0	Spectral Match to 9,12-Octadecadiynoic Acid from NIST14 M+H	GNPS-NIST14-MATCHES	temp/spectra_filtered.mgf1664	-1	GNPS-NIST14-MATCHES.mgf	5.72447				9	0	0.00158691	277.218	0	CCMSLIB00003136402
1859	spectra_filtered.mgf	*..*		:5659	24122	-1	0	427.393	1	0.739719	0	0	225.831	1467600.0	3-Epilupeol M+H	MONA	temp/spectra_filtered.mgf1859	-1	MONA.mgf	1.99931				6	0	0.000854492	427.392	0	CCMSLIB00004696722
711	spectra_filtered.mgf	*..*		:1599	135	-1	0	218.211	1	0.739186	0	0	88514.1	23811600.0	lauric acid (known structural isomers: 0; isobaric peaks in run: 0) [M+NH4]+	CMMC-FOOD-BIOMARKERS	temp/spectra_filtered.mgf711	-1	CMMC-FOOD-BIOMARKERS.mgf	3.70612				6	0	0.000808716	218.212	0	CCMSLIB00013576260
2145	spectra_filtered.mgf	*..*		:3697	1805	-1	0	270.279	1	0.737353	0	0	8196020.0	383547.0	amylamine-C12:0 M+H	ECG-ACYL-AMIDES-C4-C24-LIBRARY	temp/spectra_filtered.mgf2145	-1	ECG-ACYL-AMIDES-C4-C24-LIBRARY.mgf	11.9686				10	0	0.00323486	270.282	0	CCMSLIB00011435259
1985	spectra_filtered.mgf	*..*		:3263	117	-1	0	380.277	1	0.735909	0	0	842910.0	544938.0	3-hydroxyheptadecanoyl alanine [M+Na]+ [M+Na]+	3-HYDROXY-ACYL-AMIDES-LIBRARY	temp/spectra_filtered.mgf1985	-1	3-HYDROXY-ACYL-AMIDES-LIBRARY.mgf	150.952				7	0	0.0574036	380.334	0	CCMSLIB00013640918
1997	spectra_filtered.mgf	*..*		:3263	117	-1	0	380.277	1	0.733811	0	0	842910.0	1191620.0	3-hydroxyheptadecanoyl alanine [M+Na]+ [M+Na]+	3-HYDROXY-ACYL-AMIDES-LIBRARY	temp/spectra_filtered.mgf1997	-1	3-HYDROXY-ACYL-AMIDES-LIBRARY.mgf	162.99				7	0	0.0619812	380.339	0	CCMSLIB00013640918
2146	spectra_filtered.mgf	*..*		:2504	7137	-1	0	308.331	1	0.733093	0	0	794856.0	725576.0	(2R,6S)-2-methyl-6-[(3Z)-pentadec-3-en-1-yl]piperidine M+H	GNPS-LIBRARY	temp/spectra_filtered.mgf2146	-1	GNPS-LIBRARY.mgf	106.004				6	0	0.0326843	308.298	0	CCMSLIB00005724648
1884	spectra_filtered.mgf	*..*		:3329	287	-1	0	424.267	1	0.727789	0	0	1009350.0	1492100.0	3-hydroxyhexadecanoyl glutamic acid [M+Na]+ [M+Na]+	3-HYDROXY-ACYL-AMIDES-LIBRARY	temp/spectra_filtered.mgf1884	-1	3-HYDROXY-ACYL-AMIDES-LIBRARY.mgf	232.91				9	0	0.0988159	424.366	0	CCMSLIB00013641099
1726	spectra_filtered.mgf	*..*		:19437	19437	-1	0	600.468	1	0.725724	0	0	404.271	1602110.0	Polidocanol M+H	MCE-DRUG	temp/spectra_filtered.mgf1726	-1	MCE-DRUG.mgf	5.18394				12	0	0.00311279	600.471	0	CCMSLIB00010149161
2149	spectra_filtered.mgf	*..*		:3	12340	-1	0	609.272	1	0.725637	0	0	96450000.0	1358760.0	3.10S-Hydroxypheophorbide a  M+H	GNPS-LIBRARY	temp/spectra_filtered.mgf2149	-1	GNPS-LIBRARY.mgf	9.51683				14	0	0.00579834	609.278	0	CCMSLIB00010128701
1481	spectra_filtered.mgf	*..*		:524	305	-1	0	478.287	1	0.725598	0	0	274517.0	250231.0	NCGC00380283-01!4-[5-[[4-[5-[acetyl(hydroxy)amino]pentylamino]-4-oxobutanoyl]-hydroxyamino]pentylamino]-4-oxobutanoic acid M+NH4	GNPS-NIH-NATURALPRODUCTSLIBRARY_ROUND2_POSITIVE	temp/spectra_filtered.mgf1481	-1	GNPS-NIH-NATURALPRODUCTSLIBRARY_ROUND2_POSITIVE.mgf	18.1209				8	0	0.00866699	478.296	0	CCMSLIB00000845585
2479	spectra_filtered.mgf	*..*		:2215	4810	-1	0	758.222	1	0.722421	0	0	91203.0	2326340.0	Contaminants septum vial Thermo C4000-53 and C4000-54 serie M+H	GNPS-LIBRARY	temp/spectra_filtered.mgf2479	-1	GNPS-LIBRARY.mgf	1.28796				11	0	0.000976562	758.223	0	CCMSLIB00005436265
797	spectra_filtered.mgf	*..*		:16723	35185	-1	0	685.32	1	0.721845	0	0	567.037	511262.0	(2R,3R,4S,5S,6R)-2-[(E)-5-[(1R,4aS,5S,6R,8aS)-6-hydroxy-5,8a-dimethyl-2-methylidene-5-[[(2R,3R,4S,5S,6R)-3,4,5-trihydroxy-6-(hydroxymethyl)oxan-2-yl]oxymethyl]-3,4,4a,6,7,8-hexahydro-1H-naphthalen-1-yl]-3-methylpent-2-enoxy]-6-(hydroxymethyl)oxane-3,4,5-triol [M+K]+	MONA	temp/spectra_filtered.mgf797	-1	MONA.mgf	22.3543				20	0	0.0153198	685.305	0	CCMSLIB00004707786
1991	spectra_filtered.mgf	*..*		:3263	117	-1	0	380.277	1	0.720454	0	0	842910.0	746702.0	3-hydroxyheptadecanoyl alanine [M+Na]+ [M+Na]+	3-HYDROXY-ACYL-AMIDES-LIBRARY	temp/spectra_filtered.mgf1991	-1	3-HYDROXY-ACYL-AMIDES-LIBRARY.mgf	163.712				7	0	0.0622559	380.339	0	CCMSLIB00013640918
441	spectra_filtered.mgf	*..*		:3401	107	-1	0	287.055	1	0.719601	0	0	4174480.0	252743.0	Kaempferol M+H	TUEBINGEN-NATURAL-PRODUCT-COLLECTION	temp/spectra_filtered.mgf441	-1	TUEBINGEN-NATURAL-PRODUCT-COLLECTION.mgf	0.850501				9	0	0.000244141	287.055	0	CCMSLIB00011906073
2529	spectra_filtered.mgf	*..*		:2215	4810	-1	0	758.222	1	0.719406	0	0	91203.0	2271010.0	Contaminants septum vial Thermo C4000-53 and C4000-54 serie M+H	GNPS-LIBRARY	temp/spectra_filtered.mgf2529	-1	GNPS-LIBRARY.mgf	0.885475				11	0	0.000671387	758.223	0	CCMSLIB00005436265
1887	spectra_filtered.mgf	*..*		:3329	287	-1	0	424.267	1	0.718992	0	0	1009350.0	1326820.0	3-hydroxyhexadecanoyl glutamic acid [M+Na]+ [M+Na]+	3-HYDROXY-ACYL-AMIDES-LIBRARY	temp/spectra_filtered.mgf1887	-1	3-HYDROXY-ACYL-AMIDES-LIBRARY.mgf	220.394				8	0	0.0935059	424.361	0	CCMSLIB00013641099
817	spectra_filtered.mgf	*..*		:2077	571	-1	0	216.196	1	0.717526	0	0	198647.0	1958320.0	Delta-Dodecalactone (known structural isomers: 0; isobaric peaks in run: 2) [M+NH4]+	CMMC-FOOD-BIOMARKERS	temp/spectra_filtered.mgf817	-1	CMMC-FOOD-BIOMARKERS.mgf	1.27041				7	0	0.000274658	216.196	0	CCMSLIB00013576813
1407	spectra_filtered.mgf	*..*		:2255	326	-1	0	279.231	1	0.713384	0	0	1008200.0	842435.0	Spectral Match to 9(10)-EpOME from NIST14 M+H-H2O	GNPS-NIST14-MATCHES	temp/spectra_filtered.mgf1407	-1	GNPS-NIST14-MATCHES.mgf	9.61765				7	0	0.00268555	279.234	0	CCMSLIB00003134812
2786	spectra_filtered.mgf	*..*		:22147	40609	-1	0	685.416	1	0.710234	0	0	683.158	1573720.0	3,4,5-trihydroxy-6-(hydroxymethyl)oxan-2-yl 4,6-dihydroxy-7,12,16-trimethyl-15-(4,5,6-trihydroxy-6-methylheptan-2-yl)pentacyclo[9.7.0.0,.0,?.0,?]octadecane-7-carboxylate [M+H]+	MONA	temp/spectra_filtered.mgf2786	-1	MONA.mgf	29.6531				16	0	0.0203247	685.436	0	CCMSLIB00004713210
2126	spectra_filtered.mgf	*..*		:3336	92	-1	0	483.298	1	0.708565	0	0	497290.0	785021.0	3-hydroxyhexadecanoyl 5-methoxytryptamine [M+K]+ [M+K]+	3-HYDROXY-ACYL-AMIDES-LIBRARY	temp/spectra_filtered.mgf2126	-1	3-HYDROXY-ACYL-AMIDES-LIBRARY.mgf	108.419				10	0	0.0523987	483.35	0	CCMSLIB00013640893
1415	spectra_filtered.mgf	*..*		:2255	326	-1	0	279.231	1	0.705177	0	0	1008200.0	1540040.0	Spectral Match to 9(10)-EpOME from NIST14 M+H-H2O	GNPS-NIST14-MATCHES	temp/spectra_filtered.mgf1415	-1	GNPS-NIST14-MATCHES.mgf	8.63403				7	0	0.00241089	279.233	0	CCMSLIB00003134812
2027	spectra_filtered.mgf	*..*		:3121	131	-1	0	280.225	1	0.704611	0	0	55885.2	1932900.0	3-hydroxydecanoyl amylamine [M+Na]+ [M+Na]+	3-HYDROXY-ACYL-AMIDES-LIBRARY	temp/spectra_filtered.mgf2027	-1	3-HYDROXY-ACYL-AMIDES-LIBRARY.mgf	143.317				8	0	0.0401611	280.265	0	CCMSLIB00013640932
1497	spectra_filtered.mgf	*..*		:3287	5625	-1	0	293.211	1	0.700013	0	0	708085.0	291698.0	Spectral Match to 9-OxoOTrE from NIST14 M+H	GNPS-NIST14-MATCHES	temp/spectra_filtered.mgf1497	-1	GNPS-NIST14-MATCHES.mgf	4.05914				9	0	0.00119019	293.212	0	CCMSLIB00003140112
2749	spectra_filtered.mgf	*..*		:22147	40609	-1	0	685.416	1	0.698974	0	0	683.158	1202150.0	3,4,5-trihydroxy-6-(hydroxymethyl)oxan-2-yl 4,6-dihydroxy-7,12,16-trimethyl-15-(4,5,6-trihydroxy-6-methylheptan-2-yl)pentacyclo[9.7.0.0,.0,?.0,?]octadecane-7-carboxylate [M+H]+	MONA	temp/spectra_filtered.mgf2749	-1	MONA.mgf	29.564				14	0	0.0202637	685.436	0	CCMSLIB00004713210
1593	spectra_filtered.mgf	*..*		:1120	893	-1	0	311.257	1	0.698617	0	0	651644.0	851964.0	Spectral Match to Monopalmitolein (9c) from NIST14 M+H-H2O	GNPS-NIST14-MATCHES	temp/spectra_filtered.mgf1593	-1	GNPS-NIST14-MATCHES.mgf	8.23588				10	0	0.00256348	311.26	0	CCMSLIB00003135379
1317	spectra_filtered.mgf	*..*		:99663	99659	-1	0	293.211	1	0.695428	0	0	375.158	920286.0	71606-07-0 [M+H]+	MSNLIB-POSITIVE	temp/spectra_filtered.mgf1317	-1	MSNLIB-POSITIVE.mgf	5.09995				11	0	0.00149536	293.212	0	CCMSLIB00012450915
2480	spectra_filtered.mgf	*..*		:1909	47072	-1	0	321.242	1	0.694709	0	0	400.271	3953560.0	5-(1,2,4a,5-tetramethyl-7-oxo-3,4,8,8a-tetrahydro-2H-naphthalen-1-yl)-3-methylpentanoic acid [M+H]+	MONA	temp/spectra_filtered.mgf2480	-1	MONA.mgf	228.852				6	0	0.0735168	321.316	0	CCMSLIB00004719673
2029	spectra_filtered.mgf	*..*		:3121	131	-1	0	280.225	1	0.693855	0	0	55885.2	811741.0	3-hydroxydecanoyl amylamine [M+Na]+ [M+Na]+	3-HYDROXY-ACYL-AMIDES-LIBRARY	temp/spectra_filtered.mgf2029	-1	3-HYDROXY-ACYL-AMIDES-LIBRARY.mgf	131.011				8	0	0.0367126	280.262	0	CCMSLIB00013640932
1857	spectra_filtered.mgf	*..*		:19437	19437	-1	0	600.468	1	0.691371	0	0	404.271	1324220.0	Polidocanol M+H	MCE-DRUG	temp/spectra_filtered.mgf1857	-1	MCE-DRUG.mgf	5.28559				11	0	0.00317383	600.471	0	CCMSLIB00010149161
1206	spectra_filtered.mgf	*..*		:2878	1613	-1	0	297.242	1	0.686178	0	0	1012650.0	217158.0	Spectral Match to 9(10)-EpOME from NIST14 M+H	GNPS-NIST14-MATCHES	temp/spectra_filtered.mgf1206	-1	GNPS-NIST14-MATCHES.mgf	6.9815				8	0	0.0020752	297.244	0	CCMSLIB00003136100
1598	spectra_filtered.mgf	*..*		:1120	893	-1	0	311.257	1	0.685112	0	0	651644.0	1100320.0	Spectral Match to Monopalmitolein (9c) from NIST14 M+H-H2O	GNPS-NIST14-MATCHES	temp/spectra_filtered.mgf1598	-1	GNPS-NIST14-MATCHES.mgf	8.82416				9	0	0.00274658	311.26	0	CCMSLIB00003135379
1742	spectra_filtered.mgf	*..*		:2483	6924	-1	0	261.222	1	0.68475	0	0	172200.0	439507.0	NCGC00381425-01!8-hydroxy-8-(3-octyloxiran-2-yl)octanoic acid [IIN-based on: CCMSLIB00000846585] [M-3H2O+H]+	GNPS-NIH-NATURALPRODUCTSLIBRARY_ROUND2_POSITIVE	temp/spectra_filtered.mgf1742	-1	GNPS-NIH-NATURALPRODUCTSLIBRARY_ROUND2_POSITIVE.mgf	3.15431				8	0	0.000823975	261.223	0	CCMSLIB00005722220
171	spectra_filtered.mgf	*..*		:163	435	-1	0	175.108	1	0.681392	0	0	82367200.0	3557370.0	N-Acetylornithine (known structural isomers: 1; isobaric peaks in run: 2) [M+H]+	CMMC-FOOD-BIOMARKERS	temp/spectra_filtered.mgf171	-1	CMMC-FOOD-BIOMARKERS.mgf	64.2217				6	0	0.0112457	175.119	0	CCMSLIB00013576641
462	spectra_filtered.mgf	*..*		:86509	86506	-1	0	422.166	1	0.67842	0	0	309.512	895528.0	6alpha-Hydroxygeniposide; Deacetylasperulosidic acid methyl ester [M+NH4]+	MSNLIB-POSITIVE	temp/spectra_filtered.mgf462	-1	MSNLIB-POSITIVE.mgf	0.433729				8	0	0.000183105	422.166	0	CCMSLIB00012437761
1357	spectra_filtered.mgf	*..*		:3121	131	-1	0	280.225	1	0.674907	0	0	55885.2	723066.0	3-hydroxydecanoyl amylamine [M+Na]+ [M+Na]+	3-HYDROXY-ACYL-AMIDES-LIBRARY	temp/spectra_filtered.mgf1357	-1	3-HYDROXY-ACYL-AMIDES-LIBRARY.mgf	143.644				7	0	0.0402527	280.265	0	CCMSLIB00013640932
1858	spectra_filtered.mgf	*..*		:12860	12859	-1	0	600.468	1	0.674898	0	0	404.271	767276.0	Polidocanol [M+NH4]+	MSNLIB-POSITIVE	temp/spectra_filtered.mgf1858	-1	MSNLIB-POSITIVE.mgf	6.30205				9	0	0.00378418	600.464	0	CCMSLIB00012287161
1321	spectra_filtered.mgf	*..*		:800	5642	-1	0	275.2	1	0.674023	0	0	107200.0	478902.0	NCGC00386020-01_C18H28O3_8-{(1S,5R)-4-Oxo-5-[(2Z)-2-penten-1-yl]-2-cyclopenten-1-yl}octanoic acid M-H2O+H	GNPS-NIH-NATURALPRODUCTSLIBRARY_ROUND2_POSITIVE	temp/spectra_filtered.mgf1321	-1	GNPS-NIH-NATURALPRODUCTSLIBRARY_ROUND2_POSITIVE.mgf	6.76443				10	0	0.00186157	275.202	0	CCMSLIB00000855852
1328	spectra_filtered.mgf	*..*		:2483	6924	-1	0	261.222	1	0.671992	0	0	172200.0	355719.0	NCGC00381425-01!8-hydroxy-8-(3-octyloxiran-2-yl)octanoic acid [IIN-based on: CCMSLIB00000846585] [M-3H2O+H]+	GNPS-NIH-NATURALPRODUCTSLIBRARY_ROUND2_POSITIVE	temp/spectra_filtered.mgf1328	-1	GNPS-NIH-NATURALPRODUCTSLIBRARY_ROUND2_POSITIVE.mgf	3.15431				9	0	0.000823975	261.223	0	CCMSLIB00005722220
2487	spectra_filtered.mgf	*..*		:1909	47072	-1	0	321.242	1	0.671618	0	0	400.271	3401830.0	5-(1,2,4a,5-tetramethyl-7-oxo-3,4,8,8a-tetrahydro-2H-naphthalen-1-yl)-3-methylpentanoic acid [M+H]+	MONA	temp/spectra_filtered.mgf2487	-1	MONA.mgf	229.137				6	0	0.0736084	321.316	0	CCMSLIB00004719673
1297	spectra_filtered.mgf	*..*		:2483	6924	-1	0	261.222	1	0.670461	0	0	172200.0	399206.0	NCGC00381425-01!8-hydroxy-8-(3-octyloxiran-2-yl)octanoic acid [IIN-based on: CCMSLIB00000846585] [M-3H2O+H]+	GNPS-NIH-NATURALPRODUCTSLIBRARY_ROUND2_POSITIVE	temp/spectra_filtered.mgf1297	-1	GNPS-NIH-NATURALPRODUCTSLIBRARY_ROUND2_POSITIVE.mgf	2.687				9	0	0.000701904	261.223	0	CCMSLIB00005722220
1856	spectra_filtered.mgf	*..*		:12860	12859	-1	0	600.468	1	0.667378	0	0	404.271	874124.0	Polidocanol [M+NH4]+	MSNLIB-POSITIVE	temp/spectra_filtered.mgf1856	-1	MSNLIB-POSITIVE.mgf	5.99711				9	0	0.00360107	600.472	0	CCMSLIB00012287161
1876	spectra_filtered.mgf	*..*		:3732	3141	-1	0	468.392	1	0.667104	0	0	623800.0	2664490.0	histamine-C23:1 M+Na	ECG-ACYL-AMIDES-C4-C24-LIBRARY	temp/spectra_filtered.mgf1876	-1	ECG-ACYL-AMIDES-C4-C24-LIBRARY.mgf	0.32577				7	0	0.000152588	468.392	0	CCMSLIB00011436664
1373	spectra_filtered.mgf	*..*		:2172	320	-1	0	209.19	1	0.66694	0	0	111504.0	492781.0	Spectral Match to 2,4,7,9-Tetramethyl-5-decyne-4,7-diol from NIST14 M+H-H2O	GNPS-NIST14-MATCHES	temp/spectra_filtered.mgf1373	-1	GNPS-NIST14-MATCHES.mgf	341.88				6	0	0.0715179	209.118	0	CCMSLIB00003134806
330	spectra_filtered.mgf	*..*		:293	3889	-1	0	220.118	1	0.665993	0	0	9941240.0	666576.0	Spectral Match to Pantothenic acid from NIST14 M+H	GNPS-NIST14-MATCHES	temp/spectra_filtered.mgf330	-1	GNPS-NIST14-MATCHES.mgf	1.24778				6	0	0.000274658	220.118	0	CCMSLIB00003138376
1329	spectra_filtered.mgf	*..*		:2483	6924	-1	0	261.222	1	0.665519	0	0	172200.0	381031.0	NCGC00381425-01!8-hydroxy-8-(3-octyloxiran-2-yl)octanoic acid [IIN-based on: CCMSLIB00000846585] [M-3H2O+H]+	GNPS-NIH-NATURALPRODUCTSLIBRARY_ROUND2_POSITIVE	temp/spectra_filtered.mgf1329	-1	GNPS-NIH-NATURALPRODUCTSLIBRARY_ROUND2_POSITIVE.mgf	2.33652				10	0	0.000610352	261.223	0	CCMSLIB00005722220
2195	spectra_filtered.mgf	*..*		:4	12341	-1	0	593.274	1	0.66536	0	0	69579000.0	3857300.0	4.Phaeophorbide a M+H	GNPS-LIBRARY	temp/spectra_filtered.mgf2195	-1	GNPS-LIBRARY.mgf	14.1972				12	0	0.00842285	593.282	0	CCMSLIB00010128702
1735	spectra_filtered.mgf	*..*		:3732	3141	-1	0	468.392	1	0.664399	0	0	623800.0	2210000.0	histamine-C23:1 M+Na	ECG-ACYL-AMIDES-C4-C24-LIBRARY	temp/spectra_filtered.mgf1735	-1	ECG-ACYL-AMIDES-C4-C24-LIBRARY.mgf	0.716693				6	0	0.000335693	468.392	0	CCMSLIB00011436664
402	spectra_filtered.mgf	*..*		:5621	24084	-1	0	395.131	1	0.661934	0	0	147.175	113905.0	syringin [M+Na]+	MONA	temp/spectra_filtered.mgf402	-1	MONA.mgf	0.772341				6	0	0.000305176	395.131	0	CCMSLIB00004696684
158	spectra_filtered.mgf	*..*		:5027	5027	-1	0	175.108	1	0.661058	0	0	447008000.0	154264000.0	N~2~-Acetyl-L-ornithine - 40.0 eV M+H	BIRMINGHAM-UHPLC-MS-POS	temp/spectra_filtered.mgf158	-1	BIRMINGHAM-UHPLC-MS-POS.mgf	1.04567				6	0	0.000183105	175.108	0	CCMSLIB00006121128
1256	spectra_filtered.mgf	*..*		:2483	6924	-1	0	261.222	1	0.660263	0	0	172200.0	296760.0	NCGC00381425-01!8-hydroxy-8-(3-octyloxiran-2-yl)octanoic acid [IIN-based on: CCMSLIB00000846585] [M-3H2O+H]+	GNPS-NIH-NATURALPRODUCTSLIBRARY_ROUND2_POSITIVE	temp/spectra_filtered.mgf1256	-1	GNPS-NIH-NATURALPRODUCTSLIBRARY_ROUND2_POSITIVE.mgf	3.27113				9	0	0.000854492	261.223	0	CCMSLIB00005722220
1310	spectra_filtered.mgf	*..*		:22838	41300	-1	0	293.247	1	0.657554	0	0	602.505	584734.0	14-(hydroxymethyl)-5,9-dimethyltetracyclo[11.2.1.0,?.0?,?]hexadecan-5-ol [M+H]+	MONA	temp/spectra_filtered.mgf1310	-1	MONA.mgf	118.013				8	0	0.0346069	293.212	0	CCMSLIB00004713901
636	spectra_filtered.mgf	*..*		:3574	127	-1	0	245.174	1	0.656655	0	0	485606.0	483580.0	Spectral Match to Diethyl azelate from NIST14 M+H	GNPS-NIST14-MATCHES	temp/spectra_filtered.mgf636	-1	GNPS-NIST14-MATCHES.mgf	143.518				6	0	0.0351868	245.139	0	CCMSLIB00003134613
2293	spectra_filtered.mgf	*..*		:23198	41660	-1	0	309.206	1	0.656138	0	0	548.836	688914.0	albocycline [M+H]+	MONA	temp/spectra_filtered.mgf2293	-1	MONA.mgf	247.432				6	0	0.0765076	309.283	0	CCMSLIB00004714261
1236	spectra_filtered.mgf	*..*		:3675	2053	-1	0	395.363	1	0.655074	0	0	1170440.0	1198010.0	Lys-C18:0 M-H2O+H	ECG-ACYL-AMIDES-C4-C24-LIBRARY	temp/spectra_filtered.mgf1236	-1	ECG-ACYL-AMIDES-C4-C24-LIBRARY.mgf	4.7857				6	0	0.00189209	395.365	0	CCMSLIB00011435518
1427	spectra_filtered.mgf	*..*		:3121	131	-1	0	280.225	1	0.653806	0	0	55885.2	6029890.0	3-hydroxydecanoyl amylamine [M+Na]+ [M+Na]+	3-HYDROXY-ACYL-AMIDES-LIBRARY	temp/spectra_filtered.mgf1427	-1	3-HYDROXY-ACYL-AMIDES-LIBRARY.mgf	142.337				7	0	0.0398865	280.265	0	CCMSLIB00013640932
1706	spectra_filtered.mgf	*..*		:23198	41660	-1	0	309.206	1	0.653672	0	0	548.836	745440.0	albocycline [M+H]+	MONA	temp/spectra_filtered.mgf1706	-1	MONA.mgf	240.622				6	0	0.0744019	309.28	0	CCMSLIB00004714261
1238	spectra_filtered.mgf	*..*		:3675	2053	-1	0	395.363	1	0.653357	0	0	1170440.0	1758860.0	Lys-C18:0 M-H2O+H	ECG-ACYL-AMIDES-C4-C24-LIBRARY	temp/spectra_filtered.mgf1238	-1	ECG-ACYL-AMIDES-C4-C24-LIBRARY.mgf	4.39976				6	0	0.0017395	395.365	0	CCMSLIB00011435518
2132	spectra_filtered.mgf	*..*		:3476	483	-1	0	376.318	1	0.652448	0	0	47100.6	74218.8	3-hydroxyhexadecanoyl phenethylamine [M+H]+ [M+H]+	3-HYDROXY-ACYL-AMIDES-LIBRARY	temp/spectra_filtered.mgf2132	-1	3-HYDROXY-ACYL-AMIDES-LIBRARY.mgf	13.1374				6	0	0.00494385	376.323	0	CCMSLIB00013641307
1464	spectra_filtered.mgf	*..*		:3329	1662	-1	0	293.211	1	0.650682	0	0	379688.0	152949.0	Spectral Match to 9(S)-HpOTrE from NIST14 M+H-H2O	GNPS-NIST14-MATCHES	temp/spectra_filtered.mgf1464	-1	GNPS-NIST14-MATCHES.mgf	4.78771				6	0	0.00140381	293.212	0	CCMSLIB00003136149
1315	spectra_filtered.mgf	*..*		:38916	38914	-1	0	318.3	1	0.650468	0	0	191.892	1389090.0	phytosphingosine [M+H]+	MSNLIB-POSITIVE	temp/spectra_filtered.mgf1315	-1	MSNLIB-POSITIVE.mgf	5.94436				7	0	0.00189209	318.302	0	CCMSLIB00012345607
1249	spectra_filtered.mgf	*..*		:2483	6924	-1	0	261.222	1	0.649766	0	0	172200.0	297089.0	NCGC00381425-01!8-hydroxy-8-(3-octyloxiran-2-yl)octanoic acid [IIN-based on: CCMSLIB00000846585] [M-3H2O+H]+	GNPS-NIH-NATURALPRODUCTSLIBRARY_ROUND2_POSITIVE	temp/spectra_filtered.mgf1249	-1	GNPS-NIH-NATURALPRODUCTSLIBRARY_ROUND2_POSITIVE.mgf	3.27113				9	0	0.000854492	261.223	0	CCMSLIB00005722220
1744	spectra_filtered.mgf	*..*		:2483	6924	-1	0	261.222	1	0.649712	0	0	172200.0	312813.0	NCGC00381425-01!8-hydroxy-8-(3-octyloxiran-2-yl)octanoic acid [IIN-based on: CCMSLIB00000846585] [M-3H2O+H]+	GNPS-NIH-NATURALPRODUCTSLIBRARY_ROUND2_POSITIVE	temp/spectra_filtered.mgf1744	-1	GNPS-NIH-NATURALPRODUCTSLIBRARY_ROUND2_POSITIVE.mgf	8.64514				10	0	0.0022583	261.22	0	CCMSLIB00005722220
1048	spectra_filtered.mgf	*..*		:7477	4119	-1	0	242.249	1	0.644993	0	0	399359000.0	399003.0	2-oxopentadecanylammonium chloride M+H	GNPS-LIBRARY	temp/spectra_filtered.mgf1048	-1	GNPS-LIBRARY.mgf	149.471				6	0	0.0362091	242.213	0	CCMSLIB00004722162
1074	spectra_filtered.mgf	*..*		:23434	23880	-1	0	267.268	1	0.644195	0	0	6197980.0	683174.0	stearic acid CollisionEnergy:205060 M+H-H2O	BERKELEY-LAB	temp/spectra_filtered.mgf1074	-1	BERKELEY-LAB.mgf	265.819				7	0	0.0710449	267.197	0	CCMSLIB00010125870
2142	spectra_filtered.mgf	*..*		:3697	1805	-1	0	270.279	1	0.642516	0	0	8196020.0	440384.0	amylamine-C12:0 M+H	ECG-ACYL-AMIDES-C4-C24-LIBRARY	temp/spectra_filtered.mgf2142	-1	ECG-ACYL-AMIDES-C4-C24-LIBRARY.mgf	11.517				9	0	0.00311279	270.282	0	CCMSLIB00011435259
1425	spectra_filtered.mgf	*..*		:3121	131	-1	0	280.225	1	0.641974	0	0	55885.2	3387600.0	3-hydroxydecanoyl amylamine [M+Na]+ [M+Na]+	3-HYDROXY-ACYL-AMIDES-LIBRARY	temp/spectra_filtered.mgf1425	-1	3-HYDROXY-ACYL-AMIDES-LIBRARY.mgf	141.902				7	0	0.0397644	280.265	0	CCMSLIB00013640932
1162	spectra_filtered.mgf	*..*		:99651	99647	-1	0	275.201	1	0.641164	0	0	327.103	271424.0	71606-07-0 [M+H-H2O]+	MSNLIB-POSITIVE	temp/spectra_filtered.mgf1162	-1	MSNLIB-POSITIVE.mgf	4.103				7	0	0.00112915	275.202	0	CCMSLIB00012450903
1975	spectra_filtered.mgf	*..*		:3121	131	-1	0	280.225	1	0.64016	0	0	55885.2	14546500.0	3-hydroxydecanoyl amylamine [M+Na]+ [M+Na]+	3-HYDROXY-ACYL-AMIDES-LIBRARY	temp/spectra_filtered.mgf1975	-1	3-HYDROXY-ACYL-AMIDES-LIBRARY.mgf	143.1				7	0	0.0401001	280.265	0	CCMSLIB00013640932
1987	spectra_filtered.mgf	*..*		:4466	513	-1	0	245.226	1	0.638454	0	0	1502130.0	1117470.0	Linoleic acid M-2H2O+H	LEAFBOT	temp/spectra_filtered.mgf1987	-1	LEAFBOT.mgf	6.47123				7	0	0.00158691	245.228	0	CCMSLIB00011428770
1398	spectra_filtered.mgf	*..*		:3121	131	-1	0	280.225	1	0.637932	0	0	55885.2	267650.0	3-hydroxydecanoyl amylamine [M+Na]+ [M+Na]+	3-HYDROXY-ACYL-AMIDES-LIBRARY	temp/spectra_filtered.mgf1398	-1	3-HYDROXY-ACYL-AMIDES-LIBRARY.mgf	141.793				7	0	0.0397339	280.265	0	CCMSLIB00013640932
1205	spectra_filtered.mgf	*..*		:2326	6918	-1	0	297.243	1	0.636761	0	0	215400.0	196139.0	NCGC00381425-01!8-hydroxy-8-(3-octyloxiran-2-yl)octanoic acid [IIN-based on: CCMSLIB00000846585] [M-H2O+H]+	GNPS-NIH-NATURALPRODUCTSLIBRARY_ROUND2_POSITIVE	temp/spectra_filtered.mgf1205	-1	GNPS-NIH-NATURALPRODUCTSLIBRARY_ROUND2_POSITIVE.mgf	4.51743				9	0	0.00134277	297.244	0	CCMSLIB00005722214
831	spectra_filtered.mgf	*..*		:4512	3922	-1	0	339.289	1	0.635912	0	0	2269050.0	375077.0	Spectral Match to Monoelaidin from NIST14 M+H-H2O	GNPS-NIST14-MATCHES	temp/spectra_filtered.mgf831	-1	GNPS-NIST14-MATCHES.mgf	211.912				8	0	0.0718994	339.217	0	CCMSLIB00003138409
1395	spectra_filtered.mgf	*..*		:3121	131	-1	0	280.225	1	0.632277	0	0	55885.2	296515.0	3-hydroxydecanoyl amylamine [M+Na]+ [M+Na]+	3-HYDROXY-ACYL-AMIDES-LIBRARY	temp/spectra_filtered.mgf1395	-1	3-HYDROXY-ACYL-AMIDES-LIBRARY.mgf	142.773				7	0	0.0400085	280.265	0	CCMSLIB00013640932
1383	spectra_filtered.mgf	*..*		:2075	4135	-1	0	249.257	1	0.631254	0	0	822224.0	421511.0	Spectral Match to cis,cis-9,12-Octadecadien-1-ol from NIST14 M+H-H2O	GNPS-NIST14-MATCHES	temp/spectra_filtered.mgf1383	-1	GNPS-NIST14-MATCHES.mgf	137.616				7	0	0.0343018	249.223	0	CCMSLIB00003138622
1011	spectra_filtered.mgf	*..*		:10476	28939	-1	0	251.164	1	0.629846	0	0	444.785	890134.0	2-[(1S,2S,4aR,8aS)-1-hydroxy-4a-methyl-8-methylidene-1,2,3,4,5,6,7,8a-octahydronaphthalen-2-yl]prop-2-enoic acid [M+H]+	MONA	temp/spectra_filtered.mgf1011	-1	MONA.mgf	147.324				6	0	0.0370026	251.201	0	CCMSLIB00004701539
1334	spectra_filtered.mgf	*..*		:1602	13601	-1	0	295.154	1	0.628999	0	0	78986300.0	355980.0	Massbank:AC000697 Phacidin|6-methoxy-5-nonanoyl-4-oxopyran-2-carbaldehyde M+H	MASSBANK	temp/spectra_filtered.mgf1334	-1	MASSBANK.mgf	252.078				6	0	0.0744019	295.228	0	CCMSLIB00005727153
1619	spectra_filtered.mgf	*..*		:3495	1821	-1	0	277.216	1	0.628083	0	0	2196100.0	364805.0	Spectral Match to 9-Oxo-10E,12Z-octadecadienoic acid from NIST14 M+H-H2O	GNPS-NIST14-MATCHES	temp/spectra_filtered.mgf1619	-1	GNPS-NIST14-MATCHES.mgf	5.5043				7	0	0.00152588	277.218	0	CCMSLIB00003136308
1355	spectra_filtered.mgf	*..*		:3121	131	-1	0	280.225	1	0.627029	0	0	55885.2	842026.0	3-hydroxydecanoyl amylamine [M+Na]+ [M+Na]+	3-HYDROXY-ACYL-AMIDES-LIBRARY	temp/spectra_filtered.mgf1355	-1	3-HYDROXY-ACYL-AMIDES-LIBRARY.mgf	142.773				7	0	0.0400085	280.265	0	CCMSLIB00013640932
38	spectra_filtered.mgf	*..*		:5749	6195	-1	0	157.048	1	0.626216	0	0	207648.0	510970.0	6-Methylpurine CollisionEnergy:102040 M+Na	BERKELEY-LAB	temp/spectra_filtered.mgf38	-1	BERKELEY-LAB.mgf	226.577				6	0	0.0355835	157.084	0	CCMSLIB00010108183
991	spectra_filtered.mgf	*..*		:20868	21314	-1	0	200.035	1	0.624258	0	0	591802.0	4705910.0	fMet CollisionEnergy:205060 M+Na	BERKELEY-LAB	temp/spectra_filtered.mgf991	-1	BERKELEY-LAB.mgf	233.495				6	0	0.0467072	199.988	0	CCMSLIB00010123304
1426	spectra_filtered.mgf	*..*		:20511	20510	-1	0	245.201	1	0.624247	0	0	84.525	415465.0	xylometazoline [M+H]+	MSNLIB-POSITIVE	temp/spectra_filtered.mgf1426	-1	MSNLIB-POSITIVE.mgf	109.275				6	0	0.0267944	245.228	0	CCMSLIB00012307542
1376	spectra_filtered.mgf	*..*		:3522	1865	-1	0	295.226	1	0.621709	0	0	7961300.0	3711880.0	Spectral Match to 9-Oxo-10E,12Z-octadecadienoic acid from NIST14 M+H	GNPS-NIST14-MATCHES	temp/spectra_filtered.mgf1376	-1	GNPS-NIST14-MATCHES.mgf	8.47636				9	0	0.00250244	295.229	0	CCMSLIB00003136352
1319	spectra_filtered.mgf	*..*		:38916	38914	-1	0	318.3	1	0.621604	0	0	191.892	1402730.0	phytosphingosine [M+H]+	MSNLIB-POSITIVE	temp/spectra_filtered.mgf1319	-1	MSNLIB-POSITIVE.mgf	182.645				7	0	0.058136	318.242	0	CCMSLIB00012345607
1379	spectra_filtered.mgf	*..*		:2075	4135	-1	0	249.257	1	0.621321	0	0	822224.0	365997.0	Spectral Match to cis,cis-9,12-Octadecadien-1-ol from NIST14 M+H-H2O	GNPS-NIST14-MATCHES	temp/spectra_filtered.mgf1379	-1	GNPS-NIST14-MATCHES.mgf	138.534				7	0	0.0345306	249.222	0	CCMSLIB00003138622
1978	spectra_filtered.mgf	*..*		:4466	513	-1	0	245.226	1	0.62099	0	0	1502130.0	1262280.0	Linoleic acid M-2H2O+H	LEAFBOT	temp/spectra_filtered.mgf1978	-1	LEAFBOT.mgf	7.21791				7	0	0.00177002	245.228	0	CCMSLIB00011428770
1281	spectra_filtered.mgf	*..*		:20868	21314	-1	0	200.035	1	0.62073	0	0	591802.0	2890030.0	fMet CollisionEnergy:205060 M+Na	BERKELEY-LAB	temp/spectra_filtered.mgf1281	-1	BERKELEY-LAB.mgf	229.91				6	0	0.04599	199.989	0	CCMSLIB00010123304
1025	spectra_filtered.mgf	*..*		:27232	127667	-1	0	251.15	1	0.619353	0	0	367.282	724968.0	Z1978872380 [M+H]+	MSNLIB-POSITIVE	temp/spectra_filtered.mgf1025	-1	MSNLIB-POSITIVE.mgf	204.018				6	0	0.051239	251.201	0	CCMSLIB00012785632
1981	spectra_filtered.mgf	*..*		:4466	513	-1	0	245.226	1	0.617292	0	0	1502130.0	1166730.0	Linoleic acid M-2H2O+H	LEAFBOT	temp/spectra_filtered.mgf1981	-1	LEAFBOT.mgf	5.04009				7	0	0.00123596	245.225	0	CCMSLIB00011428770
1293	spectra_filtered.mgf	*..*		:2483	6924	-1	0	261.222	1	0.616891	0	0	172200.0	388913.0	NCGC00381425-01!8-hydroxy-8-(3-octyloxiran-2-yl)octanoic acid [IIN-based on: CCMSLIB00000846585] [M-3H2O+H]+	GNPS-NIH-NATURALPRODUCTSLIBRARY_ROUND2_POSITIVE	temp/spectra_filtered.mgf1293	-1	GNPS-NIH-NATURALPRODUCTSLIBRARY_ROUND2_POSITIVE.mgf	3.15431				8	0	0.000823975	261.223	0	CCMSLIB00005722220
2731	spectra_filtered.mgf	*..*		:22147	40609	-1	0	685.416	1	0.616564	0	0	683.158	1040820.0	3,4,5-trihydroxy-6-(hydroxymethyl)oxan-2-yl 4,6-dihydroxy-7,12,16-trimethyl-15-(4,5,6-trihydroxy-6-methylheptan-2-yl)pentacyclo[9.7.0.0,.0,?.0,?]octadecane-7-carboxylate [M+H]+	MONA	temp/spectra_filtered.mgf2731	-1	MONA.mgf	29.564				12	0	0.0202637	685.436	0	CCMSLIB00004713210
1377	spectra_filtered.mgf	*..*		:3592	4424	-1	0	295.227	1	0.611103	0	0	1892630.0	4953600.0	Spectral Match to 9-Oxo-10E,12Z-octadecadienoic acid from NIST14 M+H	GNPS-NIST14-MATCHES	temp/spectra_filtered.mgf1377	-1	GNPS-NIST14-MATCHES.mgf	6.30556				7	0	0.00186157	295.229	0	CCMSLIB00003138911
2637	spectra_filtered.mgf	*..*		:17695	17695	-1	0	520.34	1	0.61039	0	0	49124.2	853433.0	PC(18:2/0:0); [M+H]+ C26H51N1O7P1 M+H	PNNL-LIPIDS-POSITIVE	temp/spectra_filtered.mgf2637	-1	PNNL-LIPIDS-POSITIVE.mgf	29.7938				6	0	0.0155029	520.356	0	CCMSLIB00010089099
847	spectra_filtered.mgf	*..*		:4635	5639	-1	0	339.29	1	0.606466	0	0	22120.6	3920140.0	Spectral Match to 1-Palmitoyl-2-oleoyl-sn-glycerol from NIST14 339.3	GNPS-NIST14-MATCHES	temp/spectra_filtered.mgf847	-1	GNPS-NIST14-MATCHES.mgf	215.329				7	0	0.0730591	339.217	0	CCMSLIB00003140126
1995	spectra_filtered.mgf	*..*		:3121	131	-1	0	280.225	1	0.604318	0	0	55885.2	20253200.0	3-hydroxydecanoyl amylamine [M+Na]+ [M+Na]+	3-HYDROXY-ACYL-AMIDES-LIBRARY	temp/spectra_filtered.mgf1995	-1	3-HYDROXY-ACYL-AMIDES-LIBRARY.mgf	142.228				6	0	0.039856	280.265	0	CCMSLIB00013640932
1740	spectra_filtered.mgf	*..*		:2483	6924	-1	0	261.222	1	0.603884	0	0	172200.0	451105.0	NCGC00381425-01!8-hydroxy-8-(3-octyloxiran-2-yl)octanoic acid [IIN-based on: CCMSLIB00000846585] [M-3H2O+H]+	GNPS-NIH-NATURALPRODUCTSLIBRARY_ROUND2_POSITIVE	temp/spectra_filtered.mgf1740	-1	GNPS-NIH-NATURALPRODUCTSLIBRARY_ROUND2_POSITIVE.mgf	3.73844				8	0	0.000976562	261.223	0	CCMSLIB00005722220
1226	spectra_filtered.mgf	*..*		:21462	39924	-1	0	265.145	1	0.601722	0	0	403.12	383905.0	(1S,8R,9R)-8-hydroxy-4-(propan-2-ylidene)-10-oxatricyclo[7.2.1.01,5]dodecane-8-carboxylic acid [M-H]-	MONA	temp/spectra_filtered.mgf1226	-1	MONA.mgf	137.657				7	0	0.036499	265.181	0	CCMSLIB00004712525
26	spectra_filtered.mgf	*..*		:20868	21314	-1	0	200.035	1	0.601069	0	0	591802.0	4336260.0	fMet CollisionEnergy:205060 M+Na	BERKELEY-LAB	temp/spectra_filtered.mgf26	-1	BERKELEY-LAB.mgf	193.905				6	0	0.0387878	199.996	0	CCMSLIB00010123304
2073	spectra_filtered.mgf	*..*		:3121	131	-1	0	280.225	1	0.600909	0	0	55885.2	392142.0	3-hydroxydecanoyl amylamine [M+Na]+ [M+Na]+	3-HYDROXY-ACYL-AMIDES-LIBRARY	temp/spectra_filtered.mgf2073	-1	3-HYDROXY-ACYL-AMIDES-LIBRARY.mgf	147.02				7	0	0.0411987	280.266	0	CCMSLIB00013640932
1755	spectra_filtered.mgf	*..*		:5231	23694	-1	0	371.146	1	0.600497	0	0	411.031	188583.0	onopordopicrin [M+Na]+	MONA	temp/spectra_filtered.mgf1755	-1	MONA.mgf	50.733				9	0	0.0188293	371.165	0	CCMSLIB00004696294
