"feature_id_full","feature_id","feature_mz","feature_rt","P2_negative_vs_P2_positive_p_value","P2_negative_vs_P2_positive_p_value_minus_log10","P2_negative_vs_P2_positive_fold_change","P2_negative_vs_P2_positive_fold_change_log2","canopus_npc_pathway","canopus_npc_superclass","canopus_npc_class","sirius_name","gnps_smiles","met_annot_structure_smiles","sirius_smiles","gnps_inchi","gnps_inchi_aux","gnps_inchikey","gnps_inchikey_planar","met_annot_short_inchikey","met_annot_structure_inchi","met_annot_structure_inchikey","sirius_inchi","sirius_inchikey2d"
"1348_518.33_6.8",1348,518.327691101149,6.8489585,0.000130619433140384,3.88399220531372,1.69018075054126,0.757177538794766,"Amino acids and Peptides","Oligopeptides","Leukotrienes","(2R,4S,5S,7S)-5-amino-N-butyl-4-hydroxy-7-{[3-(methanesulfonylmethoxy)-4-methoxyphenyl]methyl}-2,8-dimethylnonanamide","O=C(OCC(O)COP(=O)([O-])OCC[N+](C)(C)C)CCCCC=CCC=CCC=CCCCCC","CC/C=C\C/C=C\C/C=C\CCCCCCCC(=O)OC[C@@H](O)COP(=O)([O-])OCC[N+](C)(C)C","CCCCNC(=O)C(C)CC(C(CC(CC1=CC(=C(C=C1)OC)OCS(=O)(=O)C)C(C)C)N)O","1S/C26H48NO7P/c1-5-6-7-8-9-10-11-12-13-14-15-16-17-18-19-20-26(29)32-23-25(28)24-34-35(30,31)33-22-21-27(2,3)4/h9-10,12-13,15-16,25,28H,5-8,11,14,17-24H2,1-4H3",NA,"MRTUWVDDQVMUCR-UHFFFAOYSA-N","MRTUWVDDQVMUCR","WKQNRCYKYCKESD","InChI=1S/C26H48NO7P/c1-5-6-7-8-9-10-11-12-13-14-15-16-17-18-19-20-26(29)32-23-25(28)24-34-35(30,31)33-22-21-27(2,3)4/h6-7,9-10,12-13,25,28H,5,8,11,14-24H2,1-4H3/b7-6-,10-9-,13-12-/t25-/m1/s1","WKQNRCYKYCKESD-YVHLTTHBSA-N","InChI=1S/C25H44N2O6S/c1-7-8-11-27-25(29)18(4)12-22(28)21(26)15-20(17(2)3)13-19-9-10-23(32-5)24(14-19)33-16-34(6,30)31/h9-10,14,17-18,20-22,28H,7-8,11-13,15-16,26H2,1-6H3,(H,27,29)","ZYQLXDXIWZIRRO"
"819_181.16_4.3",819,181.159145723474,4.3481736,0.000236055763313989,3.62698539178046,1.63305479183451,0.707573196644746,"Fatty acids","Fatty Acids and Conjugates","Unsaturated fatty acids","(E)-3-ethyl-2-methylnon-2-enoate",NA,"C[C@H]1CCC[C@@]2(C)CCC[C@H]3O[C@]132","CCCCCCC(=C(C)C(=O)O)CC",NA,NA,NA,NA,"KKXSVZHUGGQUGL","InChI=1S/C12H20O/c1-9-5-3-7-11(2)8-4-6-10-12(9,11)13-10/h9-10H,3-8H2,1-2H3/t9-,10+,11-,12+/m0/s1","KKXSVZHUGGQUGL-WHOHXGKFSA-N","InChI=1S/C12H22O2/c1-4-6-7-8-9-11(5-2)10(3)12(13)14/h4-9H2,1-3H3,(H,13,14)","ZVAYQRYFPRUYPL"
"2214_139.99_9.9",2214,139.98948955797,9.883542,0.00234630563041021,2.62961541721822,0.682777315241224,-0.550512968174687,NA,NA,NA,NA,NA,NA,NA,NA,NA,NA,NA,NA,NA,NA,NA,NA
"1605_576.41_7.7",1605,576.413232115885,7.6887817,0.00277602993131664,2.5565758556035,1.60831585214511,0.685550760730677,"Terpenoids","Sesquiterpenoids","Dibenzylbutane lignans","23-[4-(2,4,4-trimethylpentan-2-yl)phenoxy]-3,6,9,12,15,18,21-heptaoxatricosan-1-ol",NA,NA,"CC(C)(C)CC(C)(C)C1=CC=C(C=C1)OCCOCCOCCOCCOCCOCCOCCOCCO",NA,NA,NA,NA,NA,NA,NA,"InChI=1S/C30H54O9/c1-29(2,3)26-30(4,5)27-6-8-28(9-7-27)39-25-24-38-23-22-37-21-20-36-19-18-35-17-16-34-15-14-33-13-12-32-11-10-31/h6-9,31H,10-26H2,1-5H3","OJLRAIOADFIRJN"
"2480_321.32_10.8",2480,321.315521321386,10.813603,0.00408342999698739,2.38897488520409,1.44560893908938,0.531677332413686,"Fatty acids","Fatty Acids and Conjugates","Unsaturated fatty acids","Erucic Acid",NA,"CCC=CCC=CCC=CCCCCCCCCCCCCO","CCCCCCCCC=CCCCCCCCCCCCC(=O)O","InChI=1S/C20H32O3/c113(1018(22)23)6819(4)14(2)7920(5)15(3)1116(21)1217(19)20/h11,1314,17H,610,12H2,15H3,(H,22,23)",NA,NA,NA,"LCDDKECOTQQPAO","InChI=1S/C22H40O/c1-2-3-4-5-6-7-8-9-10-11-12-13-14-15-16-17-18-19-20-21-22-23/h3-4,6-7,9-10,23H,2,5,8,11-22H2,1H3","LCDDKECOTQQPAO-UHFFFAOYSA-N","InChI=1S/C22H42O2/c1-2-3-4-5-6-7-8-9-10-11-12-13-14-15-16-17-18-19-20-21-22(23)24/h9-10H,2-8,11-21H2,1H3,(H,23,24)","DPUOLQHDNGRHBS"
"628_740.46_3.3",628,740.464901396908,3.279485,0.00454912306648092,2.34207231413276,0.686212062700998,-0.543273608097085,"Amino acids and Peptides","Oligopeptides","Cyclic peptides","Me-Sar-Pro-Arg-Arg-Arg-Ser-al",NA,NA,"CN(C)CC(=O)N1CCCC1C(=O)NC(CCCN=C(N)N)C(=O)NC(CCCN=C(N)N)C(=O)NC(CCCN=C(N)N)C(=O)NC(CO)C=O",NA,NA,NA,NA,NA,NA,NA,"InChI=1S/C30H57N15O7/c1-44(2)15-23(48)45-14-6-10-22(45)27(52)43-21(9-5-13-39-30(35)36)26(51)42-20(8-4-12-38-29(33)34)25(50)41-19(7-3-11-37-28(31)32)24(49)40-18(16-46)17-47/h16,18-22,47H,3-15,17H2,1-2H3,(H,40,49)(H,41,50)(H,42,51)(H,43,52)(H4,31,32,37)(H4,33,34,38)(H4,35,36,39)","DWYVYOKAWWYHEC"
"2215_184.99_9.9",2215,184.987806225793,9.885368,0.00819910721321577,2.08623343462639,0.674810315170003,-0.56744606801519,"Alkaloids","Phenolic acids (C6-C1)","Cyanogenic glycosides","4-Nitrophenylethynyl radical","CC1C(O1)C2=CC(OC2=O)C(C)O",NA,"[C]#CC1=CC=C(C=C1)[N+](=O)[O-]","InChI=1S/C9H12O4/c1-4(10)7-3-6(9(11)13-7)8-5(2)12-8/h3-5,7-8,10H,1-2H3",NA,"VMLNPJDEXLLCQG-UHFFFAOYSA-N","VMLNPJDEXLLCQG",NA,NA,NA,"InChI=1S/C8H4NO2/c1-2-7-3-5-8(6-4-7)9(10)11/h3-6H","AGCSULNWXLNEMI"
"1431_343.13_7.2",1431,343.133205199117,7.166775,0.00886756494648078,2.05219562205028,0.669035739822885,-0.579844813336015,"Amino acids and Peptides","Macrolides","Thiodiketopiperazine alkaloids","3-((Acetyloxy)acetyl)-2-((2-methoxyphenoxy)methyl)thiazolidine",NA,NA,"CC(=O)OCC(=O)N1CCSC1COC2=CC=CC=C2OC",NA,NA,NA,NA,NA,NA,NA,"InChI=1S/C15H19NO5S/c1-11(17)20-9-14(18)16-7-8-22-15(16)10-21-13-6-4-3-5-12(13)19-2/h3-6,15H,7-10H2,1-2H3","XWRJIIVUYJZKBZ"
"2482_338.34_10.8",2482,338.341890606734,10.813603,0.00974752390798471,2.01110569093422,1.44278560912924,0.528856938342485,"Fatty acids","Fatty acyls","Unsaturated fatty acids",NA,"CCCCCCCC/C=C\CCCCCCCCCCCC(=O)N","CCCCCCCC/C=C\CCCCCCCCCCCC(N)=O","CCCCCCC=CCCCCCCCCCCCC(C#C)O","InChI=1S/C22H43NO/c1-2-3-4-5-6-7-8-9-10-11-12-13-14-15-16-17-18-19-20-21-22(23)24/h9-10H,2-8,11-21H2,1H3,(H2,23,24)/b10-9-",NA,"UAUDZVJPLUQNMU-KTKRTIGZSA-N","UAUDZVJPLUQNMU","UAUDZVJPLUQNMU","InChI=1S/C22H43NO/c1-2-3-4-5-6-7-8-9-10-11-12-13-14-15-16-17-18-19-20-21-22(23)24/h9-10H,2-8,11-21H2,1H3,(H2,23,24)/b10-9-","UAUDZVJPLUQNMU-KTKRTIGZSA-N","InChI=1S/C22H40O/c1-3-5-6-7-8-9-10-11-12-13-14-15-16-17-18-19-20-21-22(23)4-2/h2,9-10,22-23H,3,5-8,11-21H2,1H3","FEAQSNKVLXILNQ"
"1611_488.36_7.7",1611,488.360648842431,7.7167287,0.0116526000211949,1.9335771605716,1.52111307333475,0.605127401107069,"Alkaloids","Pseudoalkaloids (transamidation)","Phenylalanine-derived alkaloids","2-[[(3,5-Ditert-butyl-4-hydroxyphenyl)-diethoxyphosphorylmethyl]amino]ethyl-ethyl-dimethylazanium",NA,NA,"CC[N+](C)(C)CCNC(C1=CC(=C(C(=C1)C(C)(C)C)O)C(C)(C)C)P(=O)(OCC)OCC",NA,NA,NA,NA,NA,NA,NA,"InChI=1S/C25H47N2O4P/c1-12-27(10,11)16-15-26-23(32(29,30-13-2)31-14-3)19-17-20(24(4,5)6)22(28)21(18-19)25(7,8)9/h17-18,23,26H,12-16H2,1-11H3/p+1","PJZIBTYTMLJSON"
"2487_321.32_10.8",2487,321.315600147718,10.8136015,0.0194268384968712,1.7115978702741,1.42496526316206,0.51092675066358,"Alkaloids","Fatty acyls","Polyamines","Tris[butyl(methyl)amino]-methylphosphanium",NA,"CCC=CCC=CCC=CCCCCCCCCCCCCO","CCCCN(C)[P+](C)(N(C)CCCC)N(C)CCCC","InChI=1S/C20H32O3/c113(1018(22)23)6819(4)14(2)7920(5)15(3)1116(21)1217(19)20/h11,1314,17H,610,12H2,15H3,(H,22,23)",NA,NA,NA,"LCDDKECOTQQPAO","InChI=1S/C22H40O/c1-2-3-4-5-6-7-8-9-10-11-12-13-14-15-16-17-18-19-20-21-22-23/h3-4,6-7,9-10,23H,2,5,8,11-22H2,1H3","LCDDKECOTQQPAO-UHFFFAOYSA-N","InChI=1S/C16H39N3P/c1-8-11-14-17(4)20(7,18(5)15-12-9-2)19(6)16-13-10-3/h8-16H2,1-7H3/q+1","DXYONSFGJLOPGB"
"2018_430.25_8.7",2018,430.249772111068,8.715487,0.0204313550347623,1.68970282942212,1.42181707644239,0.507735867288637,"Amino acids and Peptides","Small peptides","Tripeptides","ethyl N-[3-[2-[3-[dimethoxy(methyl)silyl]propylamino]ethylcarbamoylamino]phenyl]carbamate",NA,NA,"CCOC(=O)NC1=CC=CC(=C1)NC(=O)NCCNCCC[Si](C)(OC)OC",NA,NA,NA,NA,NA,NA,NA,"InChI=1S/C18H32N4O5Si/c1-5-27-18(24)22-16-9-6-8-15(14-16)21-17(23)20-12-11-19-10-7-13-28(4,25-2)26-3/h6,8-9,14,19H,5,7,10-13H2,1-4H3,(H,22,24)(H2,20,21,23)","FPNGYRCJFGPSOB"
"1861_383.07_8.5",1861,383.072474441958,8.457518,0.0223197687597811,1.65131030914625,1.41519099820239,0.500996776423887,"Amino acids and Peptides","Oligopeptides","Cyclamides","1-[2-(4-Acetylpiperazin-1-yl)ethyl]-3-[(5-chlorothiophen-2-yl)methyl]urea",NA,NA,"CC(=O)N1CCN(CC1)CCNC(=O)NCC2=CC=C(S2)Cl",NA,NA,NA,NA,NA,NA,NA,"InChI=1S/C14H21ClN4O2S/c1-11(20)19-8-6-18(7-9-19)5-4-16-14(21)17-10-12-2-3-13(15)22-12/h2-3H,4-10H2,1H3,(H2,16,17,21)","BVDIXHUBKWZGBI"
"1347_518.33_6.8",1347,518.327155456775,6.8476872,0.0234298615988601,1.63023027679053,1.4331433697135,0.519182942069285,"Fatty acids","Glycerophospholipids","Glycerophosphocholines","2-[hydroxy-[2-hydroxy-3-[(9E,12E,15E)-octadeca-9,12,15-trienoyl]oxypropoxy]phosphoryl]oxyethyl-trimethylazanium",NA,"CC/C=C\C/C=C\C/C=C\CCCCCCCC(=O)OC[C@@H](O)COP(=O)([O-])OCC[N+](C)(C)C","CCC=CCC=CCC=CCCCCCCCC(=O)OCC(COP(=O)(O)OCC[N+](C)(C)C)O",NA,NA,NA,NA,"WKQNRCYKYCKESD","InChI=1S/C26H48NO7P/c1-5-6-7-8-9-10-11-12-13-14-15-16-17-18-19-20-26(29)32-23-25(28)24-34-35(30,31)33-22-21-27(2,3)4/h6-7,9-10,12-13,25,28H,5,8,11,14-24H2,1-4H3/b7-6-,10-9-,13-12-/t25-/m1/s1","WKQNRCYKYCKESD-YVHLTTHBSA-N","InChI=1S/C26H48NO7P/c1-5-6-7-8-9-10-11-12-13-14-15-16-17-18-19-20-26(29)32-23-25(28)24-34-35(30,31)33-22-21-27(2,3)4/h6-7,9-10,12-13,25,28H,5,8,11,14-24H2,1-4H3/p+1","WKQNRCYKYCKESD"
"2456_596.51_10.7",2456,596.507024541341,10.730742,0.023899923218661,1.62160349427217,1.36022673885866,0.443847157182763,"Fatty acids","Steroids","Cholane steroids","(3R)-N-[(1R,2R)-1-(Acetylthiomethyl)-2-hydroxy-14-methylpentadecyl]-3-hydroxy-15-methylhexadecanamide",NA,NA,"CC(C)CCCCCCCCCCCC(CC(=O)NC(CSC(=O)C)C(CCCCCCCCCCCC(C)C)O)O",NA,NA,NA,NA,NA,NA,NA,"InChI=1S/C36H71NO4S/c1-30(2)24-20-16-12-8-6-10-14-18-22-26-33(39)28-36(41)37-34(29-42-32(5)38)35(40)27-23-19-15-11-7-9-13-17-21-25-31(3)4/h30-31,33-35,39-40H,6-29H2,1-5H3,(H,37,41)","UXKMGJLOWATYSB"
"2454_573.43_10.7",2454,573.428265473898,10.730124,0.0257454802371683,1.58929900275277,1.34416229648438,0.426707342132374,"Terpenoids","Triterpenoids","Carotenoids (C40, β-β)","Ubiquinone-6",NA,NA,"CC1=C(C(=O)C(=C(C1=O)OC)OC)CC=C(C)CCC=C(C)CCC=C(C)CCC=C(C)CCC=C(C)CCC=C(C)C",NA,NA,NA,NA,NA,NA,NA,"InChI=1S/C39H58O4/c1-28(2)16-11-17-29(3)18-12-19-30(4)20-13-21-31(5)22-14-23-32(6)24-15-25-33(7)26-27-35-34(8)36(40)38(42-9)39(43-10)37(35)41/h16,18,20,22,24,26H,11-15,17,19,21,23,25,27H2,1-10H3","GXNFPEOUKFOTKY"
"919_128.95_5",919,128.951191273897,4.9674835,0.0275957685636685,1.55915750599038,0.741934912611242,-0.430635465145976,NA,NA,NA,NA,NA,NA,NA,NA,NA,NA,NA,NA,NA,NA,NA,NA
"2383_124.09_10.4",2383,124.088435501141,10.425658,0.0284957378971798,1.54522009248822,1.51972901657977,0.603814099136386,"Alkaloids","Nicotinic acid alkaloids","Halogenated fatty acids","1-(2-Fluoroethyl)urea",NA,NA,"C(CF)NC(=O)N",NA,NA,NA,NA,NA,NA,NA,"InChI=1S/C3H7FN2O/c4-1-2-6-3(5)7/h1-2H2,(H3,5,6,7)","SNHLRJSKPOPBPO"
"2023_397.31_8.8",2023,397.312321598265,8.808385,0.0288768223524214,1.53945059887028,1.35375924085283,0.436971185801879,"Terpenoids","Steroids","Ergostane steroids","7-hydroxy-9a,11a-dimethyl-1-(6-methyl-5-oxoheptan-2-yl)-1H,2H,3H,3aH,3bH,4H,6H,7H,8H,9H,9aH,9bH,10H,11H,11aH-cyclopenta[a]phenanthren-4-one",NA,"CC(C)=CCC/C(C)=C/CC/C(C)=C/CC[C@]1(C)CCc2cc(O)cc(C)c2O1","CC(C)C(=O)CCC(C)C1CCC2C1(CCC3C2C(=O)C=C4C3(CCC(C4)O)C)C",NA,NA,NA,NA,"ODADKLYLWWCHNB","InChI=1S/C27H40O2/c1-20(2)10-7-11-21(3)12-8-13-22(4)14-9-16-27(6)17-15-24-19-25(28)18-23(5)26(24)29-27/h10,12,14,18-19,28H,7-9,11,13,15-17H2,1-6H3/b21-12+,22-14+/t27-/m1/s1","ODADKLYLWWCHNB-LDYBVBFYSA-N","InChI=1S/C27H42O3/c1-16(2)23(29)9-6-17(3)20-7-8-21-25-22(11-13-27(20,21)5)26(4)12-10-19(28)14-18(26)15-24(25)30/h15-17,19-22,25,28H,6-14H2,1-5H3","GTVGEFKOFCNASA"
"2024_397.31_8.8",2024,397.31193131738,8.809106,0.0289907576271228,1.53774043490443,1.43263224910203,0.518668323147663,NA,NA,NA,NA,NA,"CC(C)=CCC/C(C)=C/CC/C(C)=C/CC[C@]1(C)CCc2cc(O)cc(C)c2O1",NA,NA,NA,NA,NA,"ODADKLYLWWCHNB","InChI=1S/C27H40O2/c1-20(2)10-7-11-21(3)12-8-13-22(4)14-9-16-27(6)17-15-24-19-25(28)18-23(5)26(24)29-27/h10,12,14,18-19,28H,7-9,11,13,15-17H2,1-6H3/b21-12+,22-14+/t27-/m1/s1","ODADKLYLWWCHNB-LDYBVBFYSA-N",NA,NA
"2859_233.15_11.9",2859,233.153047422939,11.918511,0.0294457725516891,1.53097704686192,0.70096733726966,-0.512580873842531,"Alkaloids","Proline alkaloids","Pyrrole alkaloids","1,4-Dibutyl-5-chlorotriazole",NA,"C=C(C)[C@@H]1CC[C@@]2(C)C=C(O)C(=O)C(C)=C2C1","CCCCC1=C(N(N=N1)CCCC)Cl",NA,NA,NA,NA,"ANBQZRWVQGYZGU","InChI=1S/C15H20O2/c1-9(2)11-5-6-15(4)8-13(16)14(17)10(3)12(15)7-11/h8,11,16H,1,5-7H2,2-4H3/t11-,15+/m1/s1","ANBQZRWVQGYZGU-ABAIWWIYSA-N","InChI=1S/C10H18ClN3/c1-3-5-7-9-10(11)14(13-12-9)8-6-4-2/h3-8H2,1-2H3","CXGCOKFHQKPALE"
"1603_620.44_7.7",1603,620.439961229688,7.67226,0.0322211436435538,1.4918590489798,1.63098511764099,0.705743617853906,"Amino acids and Peptides","Oligopeptides","Open-chain polyketides","N-[[(3R,9S,10S)-12-[(2R)-1-hydroxypropan-2-yl]-3,10-dimethyl-13-oxo-16-[[oxo-(propan-2-ylamino)methyl]amino]-2,8-dioxa-12-azabicyclo[12.4.0]octadeca-1(14),15,17-trien-9-yl]methyl]-N-methylcyclohexanecarboxamide",NA,NA,"CC1CCCCOC(C(CN(C(=O)C2=C(O1)C=CC(=C2)NC(=O)NC(C)C)C(C)CO)C)CN(C)C(=O)C3CCCCC3",NA,NA,NA,NA,NA,NA,NA,"InChI=1S/C33H54N4O6/c1-22(2)34-33(41)35-27-15-16-29-28(18-27)32(40)37(24(4)21-38)19-23(3)30(42-17-11-10-12-25(5)43-29)20-36(6)31(39)26-13-8-7-9-14-26/h15-16,18,22-26,30,38H,7-14,17,19-21H2,1-6H3,(H2,34,35,41)","KOPUKDVKYXJRIR"
"1033_335.22_5.7",1033,335.220862571046,5.6794333,0.0323748518667212,1.48979221004931,1.44955742949737,0.535612492150446,"Fatty acids","Eicosanoids","Prostaglandins","2-[3-Hydroxy-2-(3-hydroxyoct-1-enyl)-5-oxocyclopentyl]hept-2-enoic acid",NA,NA,"CCCCCC(C=CC1C(CC(=O)C1C(=CCCCC)C(=O)O)O)O",NA,NA,NA,NA,NA,NA,NA,"InChI=1S/C20H32O5/c1-3-5-7-9-14(21)11-12-15-17(22)13-18(23)19(15)16(20(24)25)10-8-6-4-2/h10-12,14-15,17,19,21-22H,3-9,13H2,1-2H3,(H,24,25)","BOWNPXMFCCUXCH"
"1320_518.33_6.7",1320,518.326715058545,6.6988115,0.0327258332510847,1.4851092868172,1.43151125134865,0.517539009632485,NA,NA,NA,NA,NA,"CC/C=C\C/C=C\C/C=C\CCCCCCCC(=O)OC[C@@H](O)COP(=O)([O-])OCC[N+](C)(C)C",NA,NA,NA,NA,NA,"WKQNRCYKYCKESD","InChI=1S/C26H48NO7P/c1-5-6-7-8-9-10-11-12-13-14-15-16-17-18-19-20-26(29)32-23-25(28)24-34-35(30,31)33-22-21-27(2,3)4/h6-7,9-10,12-13,25,28H,5,8,11,14-24H2,1-4H3/b7-6-,10-9-,13-12-/t25-/m1/s1","WKQNRCYKYCKESD-YVHLTTHBSA-N",NA,NA
"1636_394.33_7.8",1636,394.331731297007,7.7749805,0.0327720717229531,1.48449610334124,1.39649869940887,0.481814230003653,NA,NA,NA,NA,NA,NA,NA,NA,NA,NA,NA,NA,NA,NA,NA,NA
"2717_641.49_11.5",2717,641.490364165958,11.496034,0.0331765130450335,1.47916926161727,1.33688141231922,0.418871497258636,"Fatty acids","Spingolipids","Neutral glycosphingolipids",NA,NA,NA,"CCCCCCC=CCC=CC(CCCCCCC(=O)NCC(=O)O)OC(=O)CC=CCC=CCC=CCC=CCC=CCC",NA,NA,NA,NA,"JUPBAJDAEVHBJQ","nan","nan","InChI=1S/C39H61NO5/c1-3-5-7-9-11-13-14-15-16-17-18-20-22-24-30-34-39(44)45-36(31-27-23-21-19-12-10-8-6-4-2)32-28-25-26-29-33-37(41)40-35-38(42)43/h5,7,11,13,15-16,18-21,24,27,30-31,36H,3-4,6,8-10,12,14,17,22-23,25-26,28-29,32-35H2,1-2H3,(H,40,41)(H,42,43)","JNAFDJXZWOLSSF"
"1183_209.15_6.3",1183,209.154779098998,6.272184,0.0334716229642632,1.47532322916193,0.708354150196712,-0.497457261431849,"Terpenoids","Octadecanoids","Jasmonic acids","2,6,8-trimethyl-9-oxodec-4-enoic acid",NA,NA,"CC(CC=CC(C)CC(C)C(=O)C)C(=O)O",NA,NA,NA,NA,NA,NA,NA,"InChI=1S/C13H22O3/c1-9(8-11(3)12(4)14)6-5-7-10(2)13(15)16/h5-6,9-11H,7-8H2,1-4H3,(H,15,16)","PRYKRPSKOZIRLZ"
"1750_465.17_8.1",1750,465.174284387237,8.124273,0.0343160361505691,1.46450288333368,0.745467897724673,-0.423781868187649,"Alkaloids","Anthranilic acid alkaloids","Acridone alkaloids","N-[(6aS,8S)-2-(2,4-difluorophenyl)-6,11-dioxo-6a,7,8,9-tetrahydro-5H-pyrrolo[2,1-c][1,4]benzodiazepin-8-yl]benzamide",NA,NA,"C1C(CN2C1C(=O)NC3=C(C2=O)C=C(C=C3)C4=C(C=C(C=C4)F)F)NC(=O)C5=CC=CC=C5",NA,NA,NA,NA,NA,NA,NA,"InChI=1S/C25H19F2N3O3/c26-16-7-8-18(20(27)11-16)15-6-9-21-19(10-15)25(33)30-13-17(12-22(30)24(32)29-21)28-23(31)14-4-2-1-3-5-14/h1-11,17,22H,12-13H2,(H,28,31)(H,29,32)","ATXCHFMTWBZEQM"
"94_206.89_0.4",94,206.886246860002,0.3930301,0.0349532304154239,1.45651268009685,0.715721702729127,-0.482529367929416,NA,NA,NA,NA,NA,NA,NA,NA,NA,NA,NA,NA,NA,NA,NA,NA
"1637_372.35_7.8",1637,372.349493356321,7.7746205,0.035702120770659,1.44730598524248,1.3983320467515,0.483706982545072,"Fatty acids","Fatty acyls","Fatty alcohols","10-Oxo-docosanoic acid",NA,"CCCCCCC[C@H](C)CCCCCCCCCC(=O)NC(CO)CO","CCCCCCCCCCCCC(=O)CCCCCCCCC(=O)O",NA,NA,NA,NA,"UGSNCUBVHQGYKO","InChI=1S/C22H45NO3/c1-3-4-5-9-12-15-20(2)16-13-10-7-6-8-11-14-17-22(26)23-21(18-24)19-25/h20-21,24-25H,3-19H2,1-2H3,(H,23,26)/t20-/m0/s1","UGSNCUBVHQGYKO-FQEVSTJZSA-N","InChI=1S/C22H42O3/c1-2-3-4-5-6-7-8-9-12-15-18-21(23)19-16-13-10-11-14-17-20-22(24)25/h2-20H2,1H3,(H,24,25)","NRNVQOWXYJTJKK"
"1615_444.33_7.7",1615,444.334216203036,7.722091,0.0361182222233173,1.4422736342612,1.50493835948264,0.589704397091359,"Alkaloids","Pseudoalkaloids (transamidation)","Pyrrole alkaloids","2-(4-Dodecyl-piperazin-1-yl)-6-nitroquinoline (12)",NA,NA,"CCCCCCCCCCCCN1CCN(CC1)C2=NC3=C(C=C2)C=C(C=C3)[N+](=O)[O-]",NA,NA,NA,NA,NA,NA,NA,"InChI=1S/C25H38N4O2/c1-2-3-4-5-6-7-8-9-10-11-16-27-17-19-28(20-18-27)25-15-12-22-21-23(29(30)31)13-14-24(22)26-25/h12-15,21H,2-11,16-20H2,1H3","VUEMGKXUHYUHQD"
"1989_302.25_8.7",1989,302.246866580571,8.690277,0.0371189000185757,1.43040490214447,1.3104524308707,0.390064985110423,"Terpenoids","Fatty acyls","Fatty alcohols",NA,NA,NA,"CC1=C(C(CCC1)(C)C)C=CC(=CC=CC(C)C=C=O)C",NA,NA,NA,NA,NA,NA,NA,"InChI=1S/C20H28O/c1-16(8-6-9-17(2)13-15-21)11-12-19-18(3)10-7-14-20(19,4)5/h6,8-9,11-13,17H,7,10,14H2,1-5H3","IXJNWDXFCYEGMD"
"2528_163.1_11",2528,163.097946673552,10.966824,0.0378141571444406,1.42234557533129,1.41357704577427,0.499350518137075,"Alkaloids","Nicotinic acid alkaloids","Pyridine alkaloids","2-(1H-Imidazol-2-yl)pyridine",NA,NA,"C1=CC=NC(=C1)C2=NC=CN2",NA,NA,NA,NA,NA,NA,NA,"InChI=1S/C8H7N3/c1-2-4-9-7(3-1)8-10-5-6-11-8/h1-6H,(H,10,11)","SZXUTTGMFUSMCE"
"1942_336.33_8.7",1942,336.327941390905,8.650142,0.0392308905216558,1.40637183349036,1.33183789751642,0.413418497813972,NA,NA,NA,NA,NA,"CCCCCCCCCCCCCC=CC=CC(=O)NCC(C)C",NA,NA,NA,NA,NA,"QQCGKIZHTJLRNN","InChI=1S/C22H41NO/c1-4-5-6-7-8-9-10-11-12-13-14-15-16-17-18-19-22(24)23-20-21(2)3/h16-19,21H,4-15,20H2,1-3H3,(H,23,24)","QQCGKIZHTJLRNN-UHFFFAOYSA-N",NA,NA
"2419_683.46_10.6",2419,683.457409336659,10.580618,0.0412999360361608,1.38405062096258,1.30939182908133,0.388896881304517,"Amino acids and Peptides","Linear polyketides","Open-chain polyketides","2-{1,10-dihydroxy-2-[1-(hydroxymethoxy)-11-[(4-methoxybutan-2-yl)amino]-10-methyl-6-methylideneundeca-2,4,9-trien-2-yl]-6-(3-hydroxypropyl)-10-[2-(methylamino)ethyl]spiro[4.5]decan-7-ylidene}propanal",NA,NA,"CC(CCOC)NCC(=CCCC(=C)C=CC=C(COCO)C1CCC2(C1O)C(C(=C(C)C=O)CCC2(CCNC)O)CCCO)C",NA,NA,NA,NA,NA,NA,NA,"InChI=1S/C38H64N2O7/c1-28(10-7-12-29(2)24-40-31(4)17-23-46-6)11-8-13-32(26-47-27-43)34-16-19-38(36(34)44)35(14-9-22-41)33(30(3)25-42)15-18-37(38,45)20-21-39-5/h8,11-13,25,31,34-36,39-41,43-45H,1,7,9-10,14-24,26-27H2,2-6H3","JPBXWYMLMHUNMH"
"2453_533.44_10.7",2453,533.436705202775,10.729509,0.0413714978700149,1.38329875503135,1.31672288845107,0.396951754460638,"Terpenoids","Triterpenoids","Lupane triterpenoids","(1R,3aS,5aR,5bR,7aR,9S,11aR,11bR,13aR,13bR)-1-[(3E)-4-cyclohexylbuta-1,3-dien-2-yl]-9-hydroxy-5a,5b,8,8,11a-pentamethyl-1,2,3,4,5,6,7,7a,9,10,11,11b,12,13,13a,13b-hexadecahydrocyclopenta[a]chrysene-3a-carboxylic acid",NA,"COc1cccc(C/C=C(\C)CC/C=C(\C)CC/C=C(\C)CC/C=C(\C)CC/C=C(\C)CCC=C(C)C)c1O","CC1(C2CCC3(C(C2(CCC1O)C)CCC4C3(CCC5(C4C(CC5)C(=C)C=CC6CCCCC6)C(=O)O)C)C)C",NA,NA,NA,NA,"WVPRAWNIVDFQBO","InChI=1S/C37H56O2/c1-29(2)15-9-16-30(3)17-10-18-31(4)19-11-20-32(5)21-12-22-33(6)23-13-24-34(7)27-28-35-25-14-26-36(39-8)37(35)38/h14-15,17,19,21,23,25-27,38H,9-13,16,18,20,22,24,28H2,1-8H3/b30-17+,31-19+,32-21+,33-23+,34-27+","WVPRAWNIVDFQBO-DUBIXASGSA-N","InChI=1S/C37H58O3/c1-24(12-13-25-10-8-7-9-11-25)26-16-21-37(32(39)40)23-22-35(5)27(31(26)37)14-15-29-34(4)19-18-30(38)33(2,3)28(34)17-20-36(29,35)6/h12-13,25-31,38H,1,7-11,14-23H2,2-6H3,(H,39,40)","OWGCHEUHDGNKLG"
"2683_893.56_11.4",2683,893.555278072941,11.384508,0.0457875535281339,1.33925256061329,1.39590813760983,0.481204003313021,"Amino acids and Peptides","Oligopeptides","Lipopeptides","4-N-[[3-[[[4-carbamoyl-2-(2-carbamoyl-3,3-dimethylbutyl)-5,5-dimethylhexanoyl]amino]methoxy]-3,9-dimethyl-2,4,8,10-tetraoxaspiro[5.5]undecan-9-yl]oxymethyl]-2,2,8,8-tetramethylnonane-2,4,6-tricarboxamide",NA,"C=Cc1c(C)c2cc3nc(c4c5[nH]c(cc6nc(cc1[nH]2)C(C)=C6CC)c(C)c5C(=O)[C@H]4C(=O)OC)[C@@H](CCC(=O)OC/C=C(\C)CCC[C@@H](C)CCC[C@H](C)CCCC(C)C)[C@H]3C","CC1(OCC2(CO1)COC(OC2)(C)OCNC(=O)C(CC(C(=O)N)C(C)(C)C)CC(C(=O)N)C(C)(C)C)OCNC(=O)C(CC(C(=O)N)C(C)(C)C)CC(C(=O)N)C(C)(C)C",NA,NA,NA,NA,"CQIKWXUXPNUNDV","InChI=1S/C55H74N4O5/c1-13-39-35(8)42-28-44-37(10)41(24-25-48(60)64-27-26-34(7)23-17-22-33(6)21-16-20-32(5)19-15-18-31(3)4)52(58-44)50-51(55(62)63-12)54(61)49-38(11)45(59-53(49)50)30-47-40(14-2)36(9)43(57-47)29-46(39)56-42/h13,26,28-33,37,41,51,56,59H,1,14-25,27H2,2-12H3/b34-26+,42-28?,43-29?,44-28?,45-30?,46-29?,47-30?,52-50?/t32-,33+,37-,41+,51+/m1/s1","CQIKWXUXPNUNDV-BJLCJBBZSA-N","InChI=1S/C43H78N6O12/c1-37(2,3)27(31(44)50)15-25(16-28(32(45)51)38(4,5)6)35(54)48-23-60-41(13)56-19-43(20-57-41)21-58-42(14,59-22-43)61-24-49-36(55)26(17-29(33(46)52)39(7,8)9)18-30(34(47)53)40(10,11)12/h25-30H,15-24H2,1-14H3,(H2,44,50)(H2,45,51)(H2,46,52)(H2,47,53)(H,48,54)(H,49,55)","GCJRBEVJCVSXAZ"
"665_174.06_3.5",665,174.055457472283,3.4890406,0.0467346839057674,1.33036069035407,1.33863492161963,0.420762556193294,"Shikimates and Phenylpropanoids","Phenolic acids (C6-C1)","Simple phenolic acids","3-Carboxy-2-fluorophenolate",NA,NA,"C1=CC(=C(C(=C1)O)F)C(=O)O",NA,NA,NA,NA,NA,NA,NA,"InChI=1S/C7H5FO3/c8-6-4(7(10)11)2-1-3-5(6)9/h1-3,9H,(H,10,11)","VKSRITXZTWTEEW"
"2852_1215.75_11.9",2852,1215.74838534876,11.895927,0.047511747694922,1.32319899399038,1.36346990379522,0.447282855644013,NA,NA,NA,NA,NA,NA,NA,NA,NA,NA,NA,NA,NA,NA,NA,NA
"1081_261.19_5.9",1081,261.186458572811,5.8674064,0.0482909908114917,1.31613388386143,1.31488923776295,0.394941276429907,"Fatty acids","Octadecanoids","Phytoprostanes",NA,NA,"CC1(C)CCC[C@@]2(C)c3cc(O)c(O)cc3CC[C@H]12","CC(=CCC=C(C)C=C)CCC=C(CO)COC(=O)C",NA,NA,NA,NA,"KXJMADAZFTXYKB","InChI=1S/C17H24O2/c1-16(2)7-4-8-17(3)12-10-14(19)13(18)9-11(12)5-6-15(16)17/h9-10,15,18-19H,4-8H2,1-3H3/t15-,17+/m1/s1","KXJMADAZFTXYKB-WBVHZDCISA-N","InChI=1S/C17H26O3/c1-5-14(2)8-6-9-15(3)10-7-11-17(12-18)13-20-16(4)19/h5,8-9,11,18H,1,6-7,10,12-13H2,2-4H3","KPLJEKBVCHDNKM"
"2231_528.45_9.9",2231,528.445769041667,9.884387,0.0483047416321235,1.31601023646187,1.29761437430153,0.375861706186533,NA,NA,NA,NA,NA,NA,NA,NA,NA,NA,NA,NA,NA,NA,NA,NA
"2711_893.56_11.4",2711,893.555209338544,11.427199,0.0490387053422006,1.30946100403124,1.45904849026413,0.545027830823383,"Alkaloids","Tryptophan alkaloids","Pyrrole alkaloids",NA,NA,"C=Cc1c(C)c2cc3nc(c4c5[nH]c(cc6nc(cc1[nH]2)C(C)=C6CC)c(C)c5C(=O)[C@H]4C(=O)OC)[C@@H](CCC(=O)OC/C=C(\C)CCC[C@@H](C)CCC[C@H](C)CCCC(C)C)[C@H]3C","CCC1=C(C2=NC1=CC3=C(C4=C(C(C(=C5C(C(C(=CC6=NC(=C2)C(=C6C)C=C)N5)C)CCC(=O)OCC=C(C)CCCC(C)CCCC(C)CCCC(C)C)C4=N3)C(=O)OC)O)C)C",NA,NA,NA,NA,"CQIKWXUXPNUNDV","InChI=1S/C55H74N4O5/c1-13-39-35(8)42-28-44-37(10)41(24-25-48(60)64-27-26-34(7)23-17-22-33(6)21-16-20-32(5)19-15-18-31(3)4)52(58-44)50-51(55(62)63-12)54(61)49-38(11)45(59-53(49)50)30-47-40(14-2)36(9)43(57-47)29-46(39)56-42/h13,26,28-33,37,41,51,56,59H,1,14-25,27H2,2-12H3/b34-26+,42-28?,43-29?,44-28?,45-30?,46-29?,47-30?,52-50?/t32-,33+,37-,41+,51+/m1/s1","CQIKWXUXPNUNDV-BJLCJBBZSA-N","InChI=1S/C55H74N4O5/c1-13-39-35(8)42-28-44-37(10)41(24-25-48(60)64-27-26-34(7)23-17-22-33(6)21-16-20-32(5)19-15-18-31(3)4)52(58-44)50-51(55(62)63-12)54(61)49-38(11)45(59-53(49)50)30-47-40(14-2)36(9)43(57-47)29-46(39)56-42/h13,26,28-33,37,41,51,58,61H,1,14-25,27H2,2-12H3","FDHFJXKRMIVNCQ"
"2798_151.11_11.8",2798,151.105866580523,11.7521,0.049383334423215,1.30641958931879,1.35755241670557,0.441007903268134,NA,NA,NA,NA,NA,NA,NA,NA,NA,NA,NA,NA,NA,NA,NA,NA
"2232_505.37_9.9",2232,505.371023603356,9.883753,0.0497665755395341,1.30306224222666,1.30096521918974,0.37958239266815,"Terpenoids","Carotenoids (C40)","Carotenoids (C40, β-β)","2-[(1R,2R,3S,8S,9S,10S,13R,14S,17R)-1-(carboxymethyl)-2-fluoro-10,13-dimethyl-17-[(2R)-6-methylheptan-2-yl]-2,3,4,7,8,9,11,12,14,15,16,17-dodecahydro-1H-cyclopenta[a]phenanthren-3-yl]acetic acid",NA,NA,"CC(C)CCCC(C)C1CCC2C1(CCC3C2CC=C4C3(C(C(C(C4)CC(=O)O)F)CC(=O)O)C)C",NA,NA,NA,NA,NA,NA,NA,"InChI=1S/C31H49FO4/c1-18(2)7-6-8-19(3)23-11-12-24-22-10-9-21-15-20(16-27(33)34)29(32)26(17-28(35)36)31(21,5)25(22)13-14-30(23,24)4/h9,18-20,22-26,29H,6-8,10-17H2,1-5H3,(H,33,34)(H,35,36)","KSUOZEHCMCLCCR"
