"feature_id","feature_id_full","feature_id_full_annotated","feature_mz","feature_rt","P2_negative_vs_P2_positive_p_value","P2_negative_vs_P2_positive_p_value_minus_log10","P2_negative_vs_P2_positive_fold_change","P2_negative_vs_P2_positive_fold_change_log2","sirius_name","sirius_chebiasciiname","sirius_chebiid","sirius_confidencescoreapproximate","sirius_confidencescoreexact","sirius_csi_fingeridscore","sirius_siriusscore","sirius_zodiacscore","sirius_inchi","sirius_inchikey2d","sirius_molecularformula","sirius_adduct","sirius_smiles","canopus_npc_pathway","canopus_npc_class","canopus_npc_superclass","met_annot_structure_exact_mass","met_annot_structure_inchi","met_annot_structure_inchikey","met_annot_short_inchikey","met_annot_structure_smiles","met_annot_structure_molecular_formula","met_annot_structure_nametraditional","met_annot_structure_wikidata","met_annot_structure_taxonomy_npclassifier_01pathway","met_annot_structure_taxonomy_npclassifier_02superclass","met_annot_structure_taxonomy_npclassifier_01pathway_consensus","met_annot_structure_taxonomy_npclassifier_02superclass_consensus","met_annot_structure_taxonomy_npclassifier_03class_consensus","met_annot_organism_name","met_annot_organism_taxonomy_01domain","met_annot_organism_taxonomy_02kingdom","met_annot_organism_taxonomy_03phylum","met_annot_organism_taxonomy_04class","met_annot_organism_taxonomy_05order","met_annot_organism_taxonomy_06family","met_annot_organism_taxonomy_07tribe","met_annot_organism_taxonomy_08genus","met_annot_organism_taxonomy_09species","met_annot_organism_taxonomy_10varietas","met_annot_organism_taxonomy_ottid","met_annot_organism_wikidata","met_annot_score_taxo","P2_negative","P2_negative.pval","P2_positive","P2_positive.pval","MeanDecreaseAccuracy","MeanDecreaseAccuracy.pval","MeanDecreaseGini","MeanDecreaseGini.pval"
94,"94_206.89_0.4","NA_[94_206.89_0.4]",206.886246860002,0.3930301,0.0349532304154239,1.45651268009685,0.715721702729127,-0.482529367929416,NA,NA,NA,NA,NA,NA,NA,NA,NA,NA,NA,NA,NA,NA,NA,NA,NA,NA,NA,NA,NA,NA,NA,NA,NA,NA,NA,NA,NA,NA,NA,NA,NA,NA,NA,NA,NA,NA,NA,NA,NA,NA,NA,1.00100150250438,0.221556886227545,1.00100150250438,0.225548902195609,1.00100150250438,0.225548902195609,0.055,0.790419161676647
628,"628_740.46_3.3","NA_[628_740.46_3.3]",740.464901396908,3.279485,0.00454912306648092,2.34207231413276,0.686212062700998,-0.543273608097085,"Me-Sar-Pro-Arg-Arg-Arg-Ser-al",NA,NA,0.074,0.074,-358.867,40.459,0.017,"InChI=1S/C30H57N15O7/c1-44(2)15-23(48)45-14-6-10-22(45)27(52)43-21(9-5-13-39-30(35)36)26(51)42-20(8-4-12-38-29(33)34)25(50)41-19(7-3-11-37-28(31)32)24(49)40-18(16-46)17-47/h16,18-22,47H,3-15,17H2,1-2H3,(H,40,49)(H,41,50)(H,42,51)(H,43,52)(H4,31,32,37)(H4,33,34,38)(H4,35,36,39)","DWYVYOKAWWYHEC","C30H57N15O7","[M + H]+","CN(C)CC(=O)N1CCCC1C(=O)NC(CCCN=C(N)N)C(=O)NC(CCCN=C(N)N)C(=O)NC(CCCN=C(N)N)C(=O)NC(CO)C=O","Amino acids and Peptides","Cyclic peptides","Oligopeptides",NA,NA,NA,NA,NA,NA,NA,NA,NA,NA,NA,NA,NA,NA,NA,NA,NA,NA,NA,NA,NA,NA,NA,NA,NA,NA,NA,3.12286938228667,0.00399201596806387,3.24523285178825,0.00199600798403194,3.2555131830832,0.00199600798403194,0.154,0.0518962075848303
665,"665_174.06_3.5","NA_[665_174.06_3.5]",174.055457472283,3.4890406,0.0467346839057674,1.33036069035407,1.33863492161963,0.420762556193294,"3-Carboxy-2-fluorophenolate",NA,NA,0.252,0.19,-59.567,18.355,0.103,"InChI=1S/C7H5FO3/c8-6-4(7(10)11)2-1-3-5(6)9/h1-3,9H,(H,10,11)","VKSRITXZTWTEEW","C7H5FO3","[M + H3N + H]+","C1=CC(=C(C(=C1)O)F)C(=O)O","Shikimates and Phenylpropanoids","Simple phenolic acids","Phenolic acids (C6-C1)",NA,NA,NA,NA,NA,NA,NA,NA,NA,NA,NA,NA,NA,NA,NA,NA,NA,NA,NA,NA,NA,NA,NA,NA,NA,NA,NA,1.26693979201741,0.129740518962076,1.34406227991274,0.119760479041916,1.40275209380409,0.0958083832335329,0.068,0.536926147704591
819,"819_181.16_4.3","NA_[819_181.16_4.3]",181.159145723474,4.3481736,0.000236055763313989,3.62698539178046,1.63305479183451,0.707573196644746,"(E)-3-ethyl-2-methylnon-2-enoate",NA,NA,0.073,0.073,-134.475,185.546,1,"InChI=1S/C12H22O2/c1-4-6-7-8-9-11(5-2)10(3)12(13)14/h4-9H2,1-3H3,(H,13,14)","ZVAYQRYFPRUYPL","C12H22O2","[M - H2O + H]+","CCCCCCC(=C(C)C(=O)O)CC","Fatty acids","Unsaturated fatty acids","Fatty Acids and Conjugates","180.15141526","InChI=1S/C12H20O/c1-9-5-3-7-11(2)8-4-6-10-12(9,11)13-10/h9-10H,3-8H2,1-2H3/t9-,10+,11-,12+/m0/s1","KKXSVZHUGGQUGL-WHOHXGKFSA-N","KKXSVZHUGGQUGL","C[C@H]1CCC[C@@]2(C)CCC[C@H]3O[C@]132","C12H20O","(1R,4aS,8S,8aS)-Octahydro-4a,8-dimethyl-1H-1,8a-epoxynaphthalene","http://www.wikidata.org/entity/Q105142425","Terpenoids","Sesquiterpenoids","Alkaloids","Monoterpenoids","Eudesmane sesquiterpenoids","Lophocolea bidentata","['Eukaryota']","['Archaeplastida']","['Streptophyta']","['Jungermanniopsida']","['Jungermanniales']","['Lophocoleaceae']","['Unknown']","['Lophocolea']","['Lophocolea bidentata']","nan","338161.0","http://www.wikidata.org/entity/Q243825",0,2.12004437429114,0.0399201596806387,2.12004437429114,0.0499001996007984,2.23486110692435,0.0419161676646707,0.101,0.241516966067864
919,"919_128.95_5","NA_[919_128.95_5]",128.951191273897,4.9674835,0.0275957685636685,1.55915750599038,0.741934912611242,-0.430635465145976,NA,NA,NA,NA,NA,NA,NA,NA,NA,NA,NA,NA,NA,NA,NA,NA,NA,NA,NA,NA,NA,NA,NA,NA,NA,NA,NA,NA,NA,NA,NA,NA,NA,NA,NA,NA,NA,NA,NA,NA,NA,NA,NA,0.447303065060821,0.265469061876248,-0.447303065060821,0.481037924151697,0,0.393213572854291,0.063,0.658682634730539
1033,"1033_335.22_5.7","NA_[1033_335.22_5.7]",335.220862571046,5.6794333,0.0323748518667212,1.48979221004931,1.44955742949737,0.535612492150446,"2-[3-Hydroxy-2-(3-hydroxyoct-1-enyl)-5-oxocyclopentyl]hept-2-enoic acid",NA,NA,0.201,0.201,-147.454,10.086,0.859,"InChI=1S/C20H32O5/c1-3-5-7-9-14(21)11-12-15-17(22)13-18(23)19(15)16(20(24)25)10-8-6-4-2/h10-12,14-15,17,19,21-22H,3-9,13H2,1-2H3,(H,24,25)","BOWNPXMFCCUXCH","C20H32O5","[M - H2O + H]+","CCCCCC(C=CC1C(CC(=O)C1C(=CCCCC)C(=O)O)O)O","Fatty acids","Prostaglandins","Eicosanoids",NA,NA,NA,NA,NA,NA,NA,NA,NA,NA,NA,NA,NA,NA,NA,NA,NA,NA,NA,NA,NA,NA,NA,NA,NA,NA,NA,0,0.491017964071856,0,0.499001996007984,0,0.445109780439122,0.044,0.75249500998004
1081,"1081_261.19_5.9","NA_[1081_261.19_5.9]",261.186458572811,5.8674064,0.0482909908114917,1.31613388386143,1.31488923776295,0.394941276429907,NA,NA,NA,0.077,0.077,-126.564,189.974,1,"InChI=1S/C17H26O3/c1-5-14(2)8-6-9-15(3)10-7-11-17(12-18)13-20-16(4)19/h5,8-9,11,18H,1,6-7,10,12-13H2,2-4H3","KPLJEKBVCHDNKM","C17H26O3","[M - H2O + H]+","CC(=CCC=C(C)C=C)CCC=C(CO)COC(=O)C","Fatty acids","Phytoprostanes","Octadecanoids","260.177630008","InChI=1S/C17H24O2/c1-16(2)7-4-8-17(3)12-10-14(19)13(18)9-11(12)5-6-15(16)17/h9-10,15,18-19H,4-8H2,1-3H3/t15-,17+/m1/s1","KXJMADAZFTXYKB-WBVHZDCISA-N","KXJMADAZFTXYKB","CC1(C)CCC[C@@]2(C)c3cc(O)c(O)cc3CC[C@H]12","C17H24O2","(4bR,8aR)-4b,8,8-trimethyl-5,6,7,8a,9,10-hexahydrophenanthrene-2,3-diol","http://www.wikidata.org/entity/Q105147367","Terpenoids","Diterpenoids","nan","nan","nan","Celastrus orbiculatus","['Eukaryota']","['Archaeplastida']","['Streptophyta']","['Magnoliopsida']","['Celastrales']","['Celastraceae']","['Unknown']","['Celastrus']","['Celastrus orbiculatus']","nan","56757.0","http://www.wikidata.org/entity/Q259033",4,1.00100150250438,0.267465069860279,1.00100150250438,0.273453093812375,1.00100150250438,0.25748502994012,0.057,0.600798403193613
1183,"1183_209.15_6.3","NA_[1183_209.15_6.3]",209.154779098998,6.272184,0.0334716229642632,1.47532322916193,0.708354150196712,-0.497457261431849,"2,6,8-trimethyl-9-oxodec-4-enoic acid",NA,NA,0.075,0.075,-154.279,136.534,1,"InChI=1S/C13H22O3/c1-9(8-11(3)12(4)14)6-5-7-10(2)13(15)16/h5-6,9-11H,7-8H2,1-4H3,(H,15,16)","PRYKRPSKOZIRLZ","C13H22O3","[M - H2O + H]+","CC(CC=CC(C)CC(C)C(=O)C)C(=O)O","Terpenoids","Jasmonic acids","Octadecanoids",NA,NA,NA,NA,NA,NA,NA,NA,NA,NA,NA,NA,NA,NA,NA,NA,NA,NA,NA,NA,NA,NA,NA,NA,NA,NA,NA,2.1001107252027,0.0918163672654691,2.14793159805948,0.0818363273453094,2.18799862421071,0.0898203592814371,0.1695,0.0359281437125748
1320,"1320_518.33_6.7","NA_[1320_518.33_6.7]",518.326715058545,6.6988115,0.0327258332510847,1.4851092868172,1.43151125134865,0.517539009632485,NA,NA,NA,NA,NA,NA,NA,NA,NA,NA,NA,NA,NA,NA,NA,NA,"517.316839506","InChI=1S/C26H48NO7P/c1-5-6-7-8-9-10-11-12-13-14-15-16-17-18-19-20-26(29)32-23-25(28)24-34-35(30,31)33-22-21-27(2,3)4/h6-7,9-10,12-13,25,28H,5,8,11,14-24H2,1-4H3/b7-6-,10-9-,13-12-/t25-/m1/s1","WKQNRCYKYCKESD-YVHLTTHBSA-N","WKQNRCYKYCKESD","CC/C=C\C/C=C\C/C=C\CCCCCCCC(=O)OC[C@@H](O)COP(=O)([O-])OCC[N+](C)(C)C","C26H48NO7P","LysoPC(18:3(9Z,12Z,15Z))","http://www.wikidata.org/entity/Q27160591","Fatty acids","Glycerophospholipids","Fatty acids","Glycerophospholipids","Glycerophosphocholines","Vitis vinifera","['Eukaryota']","['Archaeplastida']","['Streptophyta']","['Magnoliopsida']","['Vitales']","['Vitaceae']","['Viteae']","['Vitis']","['Vitis vinifera']","nan","756728.0","http://www.wikidata.org/entity/Q30046",4,1.73727046020804,0.0858283433133733,1.67131567616219,0.0838323353293413,1.72300386905937,0.0798403193612774,0.073,0.425149700598802
1347,"1347_518.33_6.8","NA_[1347_518.33_6.8]",518.327155456775,6.8476872,0.0234298615988601,1.63023027679053,1.4331433697135,0.519182942069285,"2-[hydroxy-[2-hydroxy-3-[(9E,12E,15E)-octadeca-9,12,15-trienoyl]oxypropoxy]phosphoryl]oxyethyl-trimethylazanium",NA,NA,0.5,0.5,-226.373,42.108,1,"InChI=1S/C26H48NO7P/c1-5-6-7-8-9-10-11-12-13-14-15-16-17-18-19-20-26(29)32-23-25(28)24-34-35(30,31)33-22-21-27(2,3)4/h6-7,9-10,12-13,25,28H,5,8,11,14-24H2,1-4H3/p+1","WKQNRCYKYCKESD","C26H48NO7P","[M + H]+","CCC=CCC=CCC=CCCCCCCCC(=O)OCC(COP(=O)(O)OCC[N+](C)(C)C)O","Fatty acids","Glycerophosphocholines","Glycerophospholipids","517.316839506","InChI=1S/C26H48NO7P/c1-5-6-7-8-9-10-11-12-13-14-15-16-17-18-19-20-26(29)32-23-25(28)24-34-35(30,31)33-22-21-27(2,3)4/h6-7,9-10,12-13,25,28H,5,8,11,14-24H2,1-4H3/b7-6-,10-9-,13-12-/t25-/m1/s1","WKQNRCYKYCKESD-YVHLTTHBSA-N","WKQNRCYKYCKESD","CC/C=C\C/C=C\C/C=C\CCCCCCCC(=O)OC[C@@H](O)COP(=O)([O-])OCC[N+](C)(C)C","C26H48NO7P","LysoPC(18:3(9Z,12Z,15Z))","http://www.wikidata.org/entity/Q27160591","Fatty acids","Glycerophospholipids","Fatty acids","Glycerophospholipids","Glycerophosphocholines","Vitis vinifera","['Eukaryota']","['Archaeplastida']","['Streptophyta']","['Magnoliopsida']","['Vitales']","['Vitaceae']","['Viteae']","['Vitis']","['Vitis vinifera']","nan","756728.0","http://www.wikidata.org/entity/Q30046",4,1.00100150250438,0.291417165668663,1.00100150250438,0.281437125748503,1.00100150250438,0.283433133732535,0.022,0.986027944111776
1348,"1348_518.33_6.8","NA_[1348_518.33_6.8]",518.327691101149,6.8489585,0.000130619433140384,3.88399220531372,1.69018075054126,0.757177538794766,"(2R,4S,5S,7S)-5-amino-N-butyl-4-hydroxy-7-{[3-(methanesulfonylmethoxy)-4-methoxyphenyl]methyl}-2,8-dimethylnonanamide",NA,NA,0.054,0.054,-722.311,137.264,0.123,"InChI=1S/C25H44N2O6S/c1-7-8-11-27-25(29)18(4)12-22(28)21(26)15-20(17(2)3)13-19-9-10-23(32-5)24(14-19)33-16-34(6,30)31/h9-10,14,17-18,20-22,28H,7-8,11-13,15-16,26H2,1-6H3,(H,27,29)","ZYQLXDXIWZIRRO","C25H44N2O6S","[M + H3N + H]+","CCCCNC(=O)C(C)CC(C(CC(CC1=CC(=C(C=C1)OC)OCS(=O)(=O)C)C(C)C)N)O","Amino acids and Peptides","Leukotrienes","Oligopeptides","517.316839506","InChI=1S/C26H48NO7P/c1-5-6-7-8-9-10-11-12-13-14-15-16-17-18-19-20-26(29)32-23-25(28)24-34-35(30,31)33-22-21-27(2,3)4/h6-7,9-10,12-13,25,28H,5,8,11,14-24H2,1-4H3/b7-6-,10-9-,13-12-/t25-/m1/s1","WKQNRCYKYCKESD-YVHLTTHBSA-N","WKQNRCYKYCKESD","CC/C=C\C/C=C\C/C=C\CCCCCCCC(=O)OC[C@@H](O)COP(=O)([O-])OCC[N+](C)(C)C","C26H48NO7P","LysoPC(18:3(9Z,12Z,15Z))","http://www.wikidata.org/entity/Q27160591","Fatty acids","Glycerophospholipids","Fatty acids","Glycerophospholipids","Glycerophosphocholines","Vitis vinifera","['Eukaryota']","['Archaeplastida']","['Streptophyta']","['Magnoliopsida']","['Vitales']","['Vitaceae']","['Viteae']","['Vitis']","['Vitis vinifera']","nan","756728.0","http://www.wikidata.org/entity/Q30046",4,2.57532077260253,0.0219560878243513,2.43310898454536,0.0279441117764471,2.51577302713314,0.031936127744511,0.125,0.121756487025948
1431,"1431_343.13_7.2","NA_[1431_343.13_7.2]",343.133205199117,7.166775,0.00886756494648078,2.05219562205028,0.669035739822885,-0.579844813336015,"3-((Acetyloxy)acetyl)-2-((2-methoxyphenoxy)methyl)thiazolidine",NA,NA,0.013,0.013,-495.193,47.255,0.995,"InChI=1S/C15H19NO5S/c1-11(17)20-9-14(18)16-7-8-22-15(16)10-21-13-6-4-3-5-12(13)19-2/h3-6,15H,7-10H2,1-2H3","XWRJIIVUYJZKBZ","C15H19NO5S","[M + H3N + H]+","CC(=O)OCC(=O)N1CCSC1COC2=CC=CC=C2OC","Amino acids and Peptides","Thiodiketopiperazine alkaloids","Macrolides",NA,NA,NA,NA,NA,NA,NA,NA,NA,NA,NA,NA,NA,NA,NA,NA,NA,NA,NA,NA,NA,NA,NA,NA,NA,NA,NA,1.41705050316284,0.173652694610778,1.34406227991274,0.183632734530938,1.40275209380409,0.187624750499002,0.1125,0.12375249500998
1603,"1603_620.44_7.7","NA_[1603_620.44_7.7]",620.439961229688,7.67226,0.0322211436435538,1.4918590489798,1.63098511764099,0.705743617853906,"N-[[(3R,9S,10S)-12-[(2R)-1-hydroxypropan-2-yl]-3,10-dimethyl-13-oxo-16-[[oxo-(propan-2-ylamino)methyl]amino]-2,8-dioxa-12-azabicyclo[12.4.0]octadeca-1(14),15,17-trien-9-yl]methyl]-N-methylcyclohexanecarboxamide",NA,NA,0.049,0.049,-652.582,51.018,0.981,"InChI=1S/C33H54N4O6/c1-22(2)34-33(41)35-27-15-16-29-28(18-27)32(40)37(24(4)21-38)19-23(3)30(42-17-11-10-12-25(5)43-29)20-36(6)31(39)26-13-8-7-9-14-26/h15-16,18,22-26,30,38H,7-14,17,19-21H2,1-6H3,(H2,34,35,41)","KOPUKDVKYXJRIR","C33H54N4O6","[M + H3N + H]+","CC1CCCCOC(C(CN(C(=O)C2=C(O1)C=CC(=C2)NC(=O)NC(C)C)C(C)CO)C)CN(C)C(=O)C3CCCCC3","Amino acids and Peptides","Open-chain polyketides","Oligopeptides",NA,NA,NA,NA,NA,NA,NA,NA,NA,NA,NA,NA,NA,NA,NA,NA,NA,NA,NA,NA,NA,NA,NA,NA,NA,NA,NA,0,0.598802395209581,0,0.57684630738523,0,0.510978043912176,0.0555,0.25748502994012
1605,"1605_576.41_7.7","NA_[1605_576.41_7.7]",576.413232115885,7.6887817,0.00277602993131664,2.5565758556035,1.60831585214511,0.685550760730677,"23-[4-(2,4,4-trimethylpentan-2-yl)phenoxy]-3,6,9,12,15,18,21-heptaoxatricosan-1-ol",NA,NA,0.435,0.435,-103.052,76.102,0.982,"InChI=1S/C30H54O9/c1-29(2,3)26-30(4,5)27-6-8-28(9-7-27)39-25-24-38-23-22-37-21-20-36-19-18-35-17-16-34-15-14-33-13-12-32-11-10-31/h6-9,31H,10-26H2,1-5H3","OJLRAIOADFIRJN","C30H54O9","[M + H3N + H]+","CC(C)(C)CC(C)(C)C1=CC=C(C=C1)OCCOCCOCCOCCOCCOCCOCCOCCO","Terpenoids","Dibenzylbutane lignans","Sesquiterpenoids",NA,NA,NA,NA,NA,NA,NA,NA,NA,NA,NA,NA,NA,NA,NA,NA,NA,NA,NA,NA,NA,NA,NA,NA,NA,NA,NA,2.0716769761626,0.0499001996007984,2.14793159805948,0.0339321357285429,2.1667569500872,0.0518962075848303,0.1175,0.11377245508982
1611,"1611_488.36_7.7","NA_[1611_488.36_7.7]",488.360648842431,7.7167287,0.0116526000211949,1.9335771605716,1.52111307333475,0.605127401107069,"2-[[(3,5-Ditert-butyl-4-hydroxyphenyl)-diethoxyphosphorylmethyl]amino]ethyl-ethyl-dimethylazanium",NA,NA,0.168,0.168,-253.586,36.19,0.019,"InChI=1S/C25H47N2O4P/c1-12-27(10,11)16-15-26-23(32(29,30-13-2)31-14-3)19-17-20(24(4,5)6)22(28)21(18-19)25(7,8)9/h17-18,23,26H,12-16H2,1-11H3/p+1","PJZIBTYTMLJSON","C25H47N2O4P","[M + H3N + H]+","CC[N+](C)(C)CCNC(C1=CC(=C(C(=C1)C(C)(C)C)O)C(C)(C)C)P(=O)(OCC)OCC","Alkaloids","Phenylalanine-derived alkaloids","Pseudoalkaloids (transamidation)",NA,NA,NA,NA,NA,NA,NA,NA,NA,NA,NA,NA,NA,NA,NA,NA,NA,NA,NA,NA,NA,NA,NA,NA,NA,NA,NA,1.34406227991274,0.199600798403194,1.34406227991274,0.205588822355289,1.41705050316284,0.181636726546906,0.0215,0.956087824351297
1615,"1615_444.33_7.7","NA_[1615_444.33_7.7]",444.334216203036,7.722091,0.0361182222233173,1.4422736342612,1.50493835948264,0.589704397091359,"2-(4-Dodecyl-piperazin-1-yl)-6-nitroquinoline (12)",NA,NA,0.03,0.03,-313.503,62.948,1,"InChI=1S/C25H38N4O2/c1-2-3-4-5-6-7-8-9-10-11-16-27-17-19-28(20-18-27)25-15-12-22-21-23(29(30)31)13-14-24(22)26-25/h12-15,21H,2-11,16-20H2,1H3","VUEMGKXUHYUHQD","C25H38N4O2","[M + H3N + H]+","CCCCCCCCCCCCN1CCN(CC1)C2=NC3=C(C=C2)C=C(C=C3)[N+](=O)[O-]","Alkaloids","Pyrrole alkaloids","Pseudoalkaloids (transamidation)",NA,NA,NA,NA,NA,NA,NA,NA,NA,NA,NA,NA,NA,NA,NA,NA,NA,NA,NA,NA,NA,NA,NA,NA,NA,NA,NA,1.57532347087875,0.115768463073852,1.63736530665978,0.0978043912175649,1.72005229038445,0.0898203592814371,0.1265,0.0998003992015968
1636,"1636_394.33_7.8","NA_[1636_394.33_7.8]",394.331731297007,7.7749805,0.0327720717229531,1.48449610334124,1.39649869940887,0.481814230003653,NA,NA,NA,NA,NA,NA,NA,NA,NA,NA,NA,NA,NA,NA,NA,NA,NA,NA,NA,NA,NA,NA,NA,NA,NA,NA,NA,NA,NA,NA,NA,NA,NA,NA,NA,NA,NA,NA,NA,NA,NA,NA,NA,0,0.441117764471058,0,0.411177644710579,0,0.359281437125749,0.064,0.598802395209581
1637,"1637_372.35_7.8","NA_[1637_372.35_7.8]",372.349493356321,7.7746205,0.035702120770659,1.44730598524248,1.3983320467515,0.483706982545072,"10-Oxo-docosanoic acid",NA,NA,0.134,0.134,-137.834,78.84,0.215,"InChI=1S/C22H42O3/c1-2-3-4-5-6-7-8-9-12-15-18-21(23)19-16-13-10-11-14-17-20-22(24)25/h2-20H2,1H3,(H,24,25)","NRNVQOWXYJTJKK","C22H42O3","[M + H3N + H]+","CCCCCCCCCCCCC(=O)CCCCCCCCC(=O)O","Fatty acids","Fatty alcohols","Fatty acyls","371.3399443","InChI=1S/C22H45NO3/c1-3-4-5-9-12-15-20(2)16-13-10-7-6-8-11-14-17-22(26)23-21(18-24)19-25/h20-21,24-25H,3-19H2,1-2H3,(H,23,26)/t20-/m0/s1","UGSNCUBVHQGYKO-FQEVSTJZSA-N","UGSNCUBVHQGYKO","CCCCCCC[C@H](C)CCCCCCCCCC(=O)NC(CO)CO","C22H45NO3","(11S)-N-(1,3-dihydroxypropan-2-yl)-11-methyloctadecanamide","http://www.wikidata.org/entity/Q105272557","Fatty acids","Sphingolipids","Fatty acids","Sphingolipids","Ceramides","Stelletta purpurea","['Eukaryota']","['Metazoa']","['Porifera']","['Demospongiae']","['Tetractinellida']","['Ancorinidae']","['Unknown']","['Stelletta']","['Stelletta tuberosa']","nan","356157.0","http://www.wikidata.org/entity/Q2612483",0,1.00100150250438,0.235528942115768,1.00100150250438,0.215568862275449,1.00100150250438,0.201596806387226,0.094,0.377245508982036
1750,"1750_465.17_8.1","NA_[1750_465.17_8.1]",465.174284387237,8.124273,0.0343160361505691,1.46450288333368,0.745467897724673,-0.423781868187649,"N-[(6aS,8S)-2-(2,4-difluorophenyl)-6,11-dioxo-6a,7,8,9-tetrahydro-5H-pyrrolo[2,1-c][1,4]benzodiazepin-8-yl]benzamide",NA,NA,0.042,0.042,-324.364,58.436,0.039,"InChI=1S/C25H19F2N3O3/c26-16-7-8-18(20(27)11-16)15-6-9-21-19(10-15)25(33)30-13-17(12-22(30)24(32)29-21)28-23(31)14-4-2-1-3-5-14/h1-11,17,22H,12-13H2,(H,28,31)(H,29,32)","ATXCHFMTWBZEQM","C25H19F2N3O3","[M + H3N + H]+","C1C(CN2C1C(=O)NC3=C(C2=O)C=C(C=C3)C4=C(C=C(C=C4)F)F)NC(=O)C5=CC=CC=C5","Alkaloids","Acridone alkaloids","Anthranilic acid alkaloids",NA,NA,NA,NA,NA,NA,NA,NA,NA,NA,NA,NA,NA,NA,NA,NA,NA,NA,NA,NA,NA,NA,NA,NA,NA,NA,NA,2.61775625263929,0.0139720558882236,2.57532077260253,0.0119760479041916,2.60162427025486,0.0159680638722555,0.132,0.143712574850299
1861,"1861_383.07_8.5","NA_[1861_383.07_8.5]",383.072474441958,8.457518,0.0223197687597811,1.65131030914625,1.41519099820239,0.500996776423887,"1-[2-(4-Acetylpiperazin-1-yl)ethyl]-3-[(5-chlorothiophen-2-yl)methyl]urea",NA,NA,0.002,0.002,-241.076,84.201,0.956,"InChI=1S/C14H21ClN4O2S/c1-11(20)19-8-6-18(7-9-19)5-4-16-14(21)17-10-12-2-3-13(15)22-12/h2-3H,4-10H2,1H3,(H2,16,17,21)","BVDIXHUBKWZGBI","C14H21ClN4O2S","[M + K]+","CC(=O)N1CCN(CC1)CCNC(=O)NCC2=CC=C(S2)Cl","Amino acids and Peptides","Cyclamides","Oligopeptides",NA,NA,NA,NA,NA,NA,NA,NA,NA,NA,NA,NA,NA,NA,NA,NA,NA,NA,NA,NA,NA,NA,NA,NA,NA,NA,NA,2.00804832225625,0.06187624750499,1.94881009766875,0.0718562874251497,1.99468790562554,0.0798403193612774,0.111,0.199600798403194
1942,"1942_336.33_8.7","NA_[1942_336.33_8.7]",336.327941390905,8.650142,0.0392308905216558,1.40637183349036,1.33183789751642,0.413418497813972,NA,NA,NA,NA,NA,NA,NA,NA,NA,NA,NA,NA,NA,NA,NA,NA,"335.318814932","InChI=1S/C22H41NO/c1-4-5-6-7-8-9-10-11-12-13-14-15-16-17-18-19-22(24)23-20-21(2)3/h16-19,21H,4-15,20H2,1-3H3,(H,23,24)","QQCGKIZHTJLRNN-UHFFFAOYSA-N","QQCGKIZHTJLRNN","CCCCCCCCCCCCCC=CC=CC(=O)NCC(C)C","C22H41NO","N-Isobutyloctadeca-2,4-dienamid","http://www.wikidata.org/entity/Q82656358","Fatty acids","Fatty amides","Fatty acids","Fatty amides","N-acyl amines","Piper nigrum","['Eukaryota']","['Archaeplastida']","['Streptophyta']","['Magnoliopsida']","['Piperales']","['Piperaceae']","['Unknown']","['Piper']","['Piper nigrum']","nan","472526.0","http://www.wikidata.org/entity/Q43084",4,1.38942503594182,0.161676646706587,1.41705050316284,0.159680638722555,1.40275209380409,0.17564870259481,0.0815,0.500998003992016
1989,"1989_302.25_8.7","NA_[1989_302.25_8.7]",302.246866580571,8.690277,0.0371189000185757,1.43040490214447,1.3104524308707,0.390064985110423,NA,NA,NA,0.1,0.058,-87.641,10.203,0.166,"InChI=1S/C20H28O/c1-16(8-6-9-17(2)13-15-21)11-12-19-18(3)10-7-14-20(19,4)5/h6,8-9,11-13,17H,7,10,14H2,1-5H3","IXJNWDXFCYEGMD","C20H28O","[M + H3N + H]+","CC1=C(C(CCC1)(C)C)C=CC(=CC=CC(C)C=C=O)C","Terpenoids","Fatty alcohols","Fatty acyls",NA,NA,NA,NA,NA,NA,NA,NA,NA,NA,NA,NA,NA,NA,NA,NA,NA,NA,NA,NA,NA,NA,NA,NA,NA,NA,NA,1.9042342233658,0.0798403193612774,1.9042342233658,0.0778443113772455,2.00804832225625,0.06187624750499,0.0855,0.289421157684631
2018,"2018_430.25_8.7","NA_[2018_430.25_8.7]",430.249772111068,8.715487,0.0204313550347623,1.68970282942212,1.42181707644239,0.507735867288637,"ethyl N-[3-[2-[3-[dimethoxy(methyl)silyl]propylamino]ethylcarbamoylamino]phenyl]carbamate",NA,NA,0.007,0.007,-273.596,34.476,0.042,"InChI=1S/C18H32N4O5Si/c1-5-27-18(24)22-16-9-6-8-15(14-16)21-17(23)20-12-11-19-10-7-13-28(4,25-2)26-3/h6,8-9,14,19H,5,7,10-13H2,1-4H3,(H,22,24)(H2,20,21,23)","FPNGYRCJFGPSOB","C18H32N4O5Si","[M + H3N + H]+","CCOC(=O)NC1=CC=CC(=C1)NC(=O)NCCNCCC[Si](C)(OC)OC","Amino acids and Peptides","Tripeptides","Small peptides",NA,NA,NA,NA,NA,NA,NA,NA,NA,NA,NA,NA,NA,NA,NA,NA,NA,NA,NA,NA,NA,NA,NA,NA,NA,NA,NA,1.00100150250438,0.251497005988024,1.00100150250438,0.267465069860279,1.00100150250438,0.25748502994012,0.107,0.313373253493014
2023,"2023_397.31_8.8","NA_[2023_397.31_8.8]",397.312321598265,8.808385,0.0288768223524214,1.53945059887028,1.35375924085283,0.436971185801879,"7-hydroxy-9a,11a-dimethyl-1-(6-methyl-5-oxoheptan-2-yl)-1H,2H,3H,3aH,3bH,4H,6H,7H,8H,9H,9aH,9bH,10H,11H,11aH-cyclopenta[a]phenanthren-4-one",NA,NA,0.127,0.127,-102.295,180.622,1,"InChI=1S/C27H42O3/c1-16(2)23(29)9-6-17(3)20-7-8-21-25-22(11-13-27(20,21)5)26(4)12-10-19(28)14-18(26)15-24(25)30/h15-17,19-22,25,28H,6-14H2,1-5H3","GTVGEFKOFCNASA","C27H42O3","[M - H2O + H]+","CC(C)C(=O)CCC(C)C1CCC2C1(CCC3C2C(=O)C=C4C3(CCC(C4)O)C)C","Terpenoids","Ergostane steroids","Steroids","396.30283051999993","InChI=1S/C27H40O2/c1-20(2)10-7-11-21(3)12-8-13-22(4)14-9-16-27(6)17-15-24-19-25(28)18-23(5)26(24)29-27/h10,12,14,18-19,28H,7-9,11,13,15-17H2,1-6H3/b21-12+,22-14+/t27-/m1/s1","ODADKLYLWWCHNB-LDYBVBFYSA-N","ODADKLYLWWCHNB","CC(C)=CCC/C(C)=C/CC/C(C)=C/CC[C@]1(C)CCc2cc(O)cc(C)c2O1","C27H40O2","delta-Tocotrienol","http://www.wikidata.org/entity/Q27104272","Terpenoids","Meroterpenoids","Terpenoids","Meroterpenoids","Prenyl quinone meroterpenoids","Brassica rapa","['Eukaryota']","['Archaeplastida']","['Streptophyta']","['Magnoliopsida']","['Brassicales']","['Brassicaceae']","['Brassiceae']","['Brassica']","['Brassica rapa']","nan","833632.0","http://www.wikidata.org/entity/Q3384",6,0,0.497005988023952,0,0.483033932135729,0,0.435129740518962,0.0735,0.445109780439122
2024,"2024_397.31_8.8","NA_[2024_397.31_8.8]",397.31193131738,8.809106,0.0289907576271228,1.53774043490443,1.43263224910203,0.518668323147663,NA,NA,NA,NA,NA,NA,NA,NA,NA,NA,NA,NA,NA,NA,NA,NA,"396.30283051999993","InChI=1S/C27H40O2/c1-20(2)10-7-11-21(3)12-8-13-22(4)14-9-16-27(6)17-15-24-19-25(28)18-23(5)26(24)29-27/h10,12,14,18-19,28H,7-9,11,13,15-17H2,1-6H3/b21-12+,22-14+/t27-/m1/s1","ODADKLYLWWCHNB-LDYBVBFYSA-N","ODADKLYLWWCHNB","CC(C)=CCC/C(C)=C/CC/C(C)=C/CC[C@]1(C)CCc2cc(O)cc(C)c2O1","C27H40O2","delta-Tocotrienol","http://www.wikidata.org/entity/Q27104272","Terpenoids","Meroterpenoids","Terpenoids","Meroterpenoids","Prenyl quinone meroterpenoids","Brassica rapa","['Eukaryota']","['Archaeplastida']","['Streptophyta']","['Magnoliopsida']","['Brassicales']","['Brassicaceae']","['Brassiceae']","['Brassica']","['Brassica rapa']","nan","833632.0","http://www.wikidata.org/entity/Q3384",6,1.41705050316284,0.13373253493014,1.38942503594182,0.145708582834331,1.40834895880057,0.129740518962076,0.064,0.526946107784431
2214,"2214_139.99_9.9","NA_[2214_139.99_9.9]",139.98948955797,9.883542,0.00234630563041021,2.62961541721822,0.682777315241224,-0.550512968174687,NA,NA,NA,NA,NA,NA,NA,NA,NA,NA,NA,NA,NA,NA,NA,NA,NA,NA,NA,NA,NA,NA,NA,NA,NA,NA,NA,NA,NA,NA,NA,NA,NA,NA,NA,NA,NA,NA,NA,NA,NA,NA,NA,2.14793159805948,0.0419161676646707,2.1001107252027,0.0479041916167665,2.14665307636536,0.0538922155688623,0.0955,0.287425149700599
2215,"2215_184.99_9.9","NA_[2215_184.99_9.9]",184.987806225793,9.885368,0.00819910721321577,2.08623343462639,0.674810315170003,-0.56744606801519,"4-Nitrophenylethynyl radical",NA,NA,-Inf,-Inf,-137.176,93.025,0.996,"InChI=1S/C8H4NO2/c1-2-7-3-5-8(6-4-7)9(10)11/h3-6H","AGCSULNWXLNEMI","C8H4NO2","[M + K]+","[C]#CC1=CC=C(C=C1)[N+](=O)[O-]","Alkaloids","Cyanogenic glycosides","Phenolic acids (C6-C1)",NA,NA,NA,NA,NA,NA,NA,NA,NA,NA,NA,NA,NA,NA,NA,NA,NA,NA,NA,NA,NA,NA,NA,NA,NA,NA,NA,1.57532347087875,0.151696606786427,1.63736530665978,0.147704590818363,1.72005229038445,0.145708582834331,0.1,0.343313373253493
2231,"2231_528.45_9.9","NA_[2231_528.45_9.9]",528.445769041667,9.884387,0.0483047416321235,1.31601023646187,1.29761437430153,0.375861706186533,NA,NA,NA,NA,NA,NA,NA,NA,NA,NA,NA,NA,NA,NA,NA,NA,NA,NA,NA,NA,NA,NA,NA,NA,NA,NA,NA,NA,NA,NA,NA,NA,NA,NA,NA,NA,NA,NA,NA,NA,NA,NA,NA,0.817041456918251,0.303393213572854,0.57754281555789,0.321357285429142,0.68631738948861,0.311377245508982,0.0535,0.710578842315369
2232,"2232_505.37_9.9","NA_[2232_505.37_9.9]",505.371023603356,9.883753,0.0497665755395341,1.30306224222666,1.30096521918974,0.37958239266815,"2-[(1R,2R,3S,8S,9S,10S,13R,14S,17R)-1-(carboxymethyl)-2-fluoro-10,13-dimethyl-17-[(2R)-6-methylheptan-2-yl]-2,3,4,7,8,9,11,12,14,15,16,17-dodecahydro-1H-cyclopenta[a]phenanthren-3-yl]acetic acid",NA,NA,0.007,0.007,-324.106,9.863,0.384,"InChI=1S/C31H49FO4/c1-18(2)7-6-8-19(3)23-11-12-24-22-10-9-21-15-20(16-27(33)34)29(32)26(17-28(35)36)31(21,5)25(22)13-14-30(23,24)4/h9,18-20,22-26,29H,6-8,10-17H2,1-5H3,(H,33,34)(H,35,36)","KSUOZEHCMCLCCR","C31H49FO4","[M + H]+","CC(C)CCCC(C)C1CCC2C1(CCC3C2CC=C4C3(C(C(C(C4)CC(=O)O)F)CC(=O)O)C)C","Terpenoids","Carotenoids (C40, β-β)","Carotenoids (C40)",NA,NA,NA,NA,NA,NA,NA,NA,NA,NA,NA,NA,NA,NA,NA,NA,NA,NA,NA,NA,NA,NA,NA,NA,NA,NA,NA,0,0.570858283433134,0,0.55688622754491,0,0.506986027944112,0.083,0.295409181636727
2383,"2383_124.09_10.4","NA_[2383_124.09_10.4]",124.088435501141,10.425658,0.0284957378971798,1.54522009248822,1.51972901657977,0.603814099136386,"1-(2-Fluoroethyl)urea",NA,NA,0.058,0.058,-130.765,50.412,1,"InChI=1S/C3H7FN2O/c4-1-2-6-3(5)7/h1-2H2,(H3,5,6,7)","SNHLRJSKPOPBPO","C3H7FN2O","[M + H3N + H]+","C(CF)NC(=O)N","Alkaloids","Halogenated fatty acids","Nicotinic acid alkaloids",NA,NA,NA,NA,NA,NA,NA,NA,NA,NA,NA,NA,NA,NA,NA,NA,NA,NA,NA,NA,NA,NA,NA,NA,NA,NA,NA,1.70266414755955,0.0658682634730539,1.73727046020804,0.0738522954091816,1.72005229038445,0.0818363273453094,0.0495,0.572854291417166
2419,"2419_683.46_10.6","NA_[2419_683.46_10.6]",683.457409336659,10.580618,0.0412999360361608,1.38405062096258,1.30939182908133,0.388896881304517,"2-{1,10-dihydroxy-2-[1-(hydroxymethoxy)-11-[(4-methoxybutan-2-yl)amino]-10-methyl-6-methylideneundeca-2,4,9-trien-2-yl]-6-(3-hydroxypropyl)-10-[2-(methylamino)ethyl]spiro[4.5]decan-7-ylidene}propanal",NA,NA,0.053,0.053,-506.446,32.683,0.815,"InChI=1S/C38H64N2O7/c1-28(10-7-12-29(2)24-40-31(4)17-23-46-6)11-8-13-32(26-47-27-43)34-16-19-38(36(34)44)35(14-9-22-41)33(30(3)25-42)15-18-37(38,45)20-21-39-5/h8,11-13,25,31,34-36,39-41,43-45H,1,7,9-10,14-24,26-27H2,2-6H3","JPBXWYMLMHUNMH","C38H64N2O7","[M + Na]+","CC(CCOC)NCC(=CCCC(=C)C=CC=C(COCO)C1CCC2(C1O)C(C(=C(C)C=O)CCC2(CCNC)O)CCCO)C","Amino acids and Peptides","Open-chain polyketides","Linear polyketides",NA,NA,NA,NA,NA,NA,NA,NA,NA,NA,NA,NA,NA,NA,NA,NA,NA,NA,NA,NA,NA,NA,NA,NA,NA,NA,NA,1.57532347087875,0.0898203592814371,1.63736530665978,0.0958083832335329,1.69732465414114,0.0858283433133733,0.0425,0.768463073852295
2453,"2453_533.44_10.7","NA_[2453_533.44_10.7]",533.436705202775,10.729509,0.0413714978700149,1.38329875503135,1.31672288845107,0.396951754460638,"(1R,3aS,5aR,5bR,7aR,9S,11aR,11bR,13aR,13bR)-1-[(3E)-4-cyclohexylbuta-1,3-dien-2-yl]-9-hydroxy-5a,5b,8,8,11a-pentamethyl-1,2,3,4,5,6,7,7a,9,10,11,11b,12,13,13a,13b-hexadecahydrocyclopenta[a]chrysene-3a-carboxylic acid",NA,NA,0.87,0.87,-142.242,133.42,1,"InChI=1S/C37H58O3/c1-24(12-13-25-10-8-7-9-11-25)26-16-21-37(32(39)40)23-22-35(5)27(31(26)37)14-15-29-34(4)19-18-30(38)33(2,3)28(34)17-20-36(29,35)6/h12-13,25-31,38H,1,7-11,14-23H2,2-6H3,(H,39,40)","OWGCHEUHDGNKLG","C37H58O3","[M - H2O + H]+","CC1(C2CCC3(C(C2(CCC1O)C)CCC4C3(CCC5(C4C(CC5)C(=C)C=CC6CCCCC6)C(=O)O)C)C)C","Terpenoids","Lupane triterpenoids","Triterpenoids","532.428031032","InChI=1S/C37H56O2/c1-29(2)15-9-16-30(3)17-10-18-31(4)19-11-20-32(5)21-12-22-33(6)23-13-24-34(7)27-28-35-25-14-26-36(39-8)37(35)38/h14-15,17,19,21,23,25-27,38H,9-13,16,18,20,22,24,28H2,1-8H3/b30-17+,31-19+,32-21+,33-23+,34-27+","WVPRAWNIVDFQBO-DUBIXASGSA-N","WVPRAWNIVDFQBO","COc1cccc(C/C=C(\C)CC/C=C(\C)CC/C=C(\C)CC/C=C(\C)CC/C=C(\C)CCC=C(C)C)c1O","C37H56O2","2-Hexaprenyl-6-methoxyphenol","http://www.wikidata.org/entity/Q27105402","Terpenoids","Meroterpenoids","Terpenoids","Meroterpenoids","Prenyl quinone meroterpenoids","Bos taurus","['Eukaryota']","['Metazoa']","['Chordata']","['Mammalia']","['Artiodactyla']","['Bovidae']","['Unknown']","['Bos']","['Bos taurus']","nan","490099.0","http://www.wikidata.org/entity/Q19610691",1,0,0.548902195608782,0,0.57684630738523,0,0.520958083832335,0.0595,0.594810379241517
2454,"2454_573.43_10.7","NA_[2454_573.43_10.7]",573.428265473898,10.730124,0.0257454802371683,1.58929900275277,1.34416229648438,0.426707342132374,"Ubiquinone-6",NA,NA,0.067,0.067,-207.339,14.76,0.045,"InChI=1S/C39H58O4/c1-28(2)16-11-17-29(3)18-12-19-30(4)20-13-21-31(5)22-14-23-32(6)24-15-25-33(7)26-27-35-34(8)36(40)38(42-9)39(43-10)37(35)41/h16,18,20,22,24,26H,11-15,17,19,21,23,25,27H2,1-10H3","GXNFPEOUKFOTKY","C39H58O4","[M - H2O + H]+","CC1=C(C(=O)C(=C(C1=O)OC)OC)CC=C(C)CCC=C(C)CCC=C(C)CCC=C(C)CCC=C(C)CCC=C(C)C","Terpenoids","Carotenoids (C40, β-β)","Triterpenoids",NA,NA,NA,NA,NA,NA,NA,NA,NA,NA,NA,NA,NA,NA,NA,NA,NA,NA,NA,NA,NA,NA,NA,NA,NA,NA,NA,2.24733287487747,0.0239520958083832,2.1001107252027,0.0399201596806387,2.17803420934516,0.0379241516966068,0.0995,0.0998003992015968
2456,"2456_596.51_10.7","NA_[2456_596.51_10.7]",596.507024541341,10.730742,0.023899923218661,1.62160349427217,1.36022673885866,0.443847157182763,"(3R)-N-[(1R,2R)-1-(Acetylthiomethyl)-2-hydroxy-14-methylpentadecyl]-3-hydroxy-15-methylhexadecanamide",NA,NA,-Inf,-Inf,-311.464,153.122,0.705,"InChI=1S/C36H71NO4S/c1-30(2)24-20-16-12-8-6-10-14-18-22-26-33(39)28-36(41)37-34(29-42-32(5)38)35(40)27-23-19-15-11-7-9-13-17-21-25-31(3)4/h30-31,33-35,39-40H,6-29H2,1-5H3,(H,37,41)","UXKMGJLOWATYSB","C36H71NO4S","[M - H2O + H]+","CC(C)CCCCCCCCCCCC(CC(=O)NC(CSC(=O)C)C(CCCCCCCCCCCC(C)C)O)O","Fatty acids","Cholane steroids","Steroids",NA,NA,NA,NA,NA,NA,NA,NA,NA,NA,NA,NA,NA,NA,NA,NA,NA,NA,NA,NA,NA,NA,NA,NA,NA,NA,NA,1.00100150250438,0.277445109780439,1.00100150250438,0.275449101796407,1.00100150250438,0.25748502994012,0.0875,0.333333333333333
2480,"2480_321.32_10.8","NA_[2480_321.32_10.8]",321.315521321386,10.813603,0.00408342999698739,2.38897488520409,1.44560893908938,0.531677332413686,"Erucic Acid",NA,NA,0.822,0.527,-69.973,147.588,0.754,"InChI=1S/C22H42O2/c1-2-3-4-5-6-7-8-9-10-11-12-13-14-15-16-17-18-19-20-21-22(23)24/h9-10H,2-8,11-21H2,1H3,(H,23,24)","DPUOLQHDNGRHBS","C22H42O2","[M - H2O + H]+","CCCCCCCCC=CCCCCCCCCCCCC(=O)O","Fatty acids","Unsaturated fatty acids","Fatty Acids and Conjugates","320.30791589999995","InChI=1S/C22H40O/c1-2-3-4-5-6-7-8-9-10-11-12-13-14-15-16-17-18-19-20-21-22-23/h3-4,6-7,9-10,23H,2,5,8,11-22H2,1H3","LCDDKECOTQQPAO-UHFFFAOYSA-N","LCDDKECOTQQPAO","CCC=CCC=CCC=CCCCCCCCCCCCCO","C22H40O","13,16,19-Docosatrienol","http://www.wikidata.org/entity/Q115948230","Fatty acids","Fatty acyls","Terpenoids","Sesquiterpenoids","Fatty alcohols","Solanum lycopersicum","['Eukaryota']","['Archaeplastida']","['Streptophyta']","['Magnoliopsida']","['Solanales']","['Solanaceae']","['Solaneae']","['Solanum']","['Solanum lycopersicum']","nan","378964.0","http://www.wikidata.org/entity/Q23501",0,2.84531555558796,0.0139720558882236,2.85994165778527,0.0159680638722555,2.92271484170109,0.0159680638722555,0.1415,0.0898203592814371
2482,"2482_338.34_10.8","NA_[2482_338.34_10.8]",338.341890606734,10.813603,0.00974752390798471,2.01110569093422,1.44278560912924,0.528856938342485,NA,NA,NA,0.143,0.143,-124.758,142.617,1,"InChI=1S/C22H40O/c1-3-5-6-7-8-9-10-11-12-13-14-15-16-17-18-19-20-21-22(23)4-2/h2,9-10,22-23H,3,5-8,11-21H2,1H3","FEAQSNKVLXILNQ","C22H40O","[M + H3N + H]+","CCCCCCC=CCCCCCCCCCCCC(C#C)O","Fatty acids","Unsaturated fatty acids","Fatty acyls","337.334464996","InChI=1S/C22H43NO/c1-2-3-4-5-6-7-8-9-10-11-12-13-14-15-16-17-18-19-20-21-22(23)24/h9-10H,2-8,11-21H2,1H3,(H2,23,24)/b10-9-","UAUDZVJPLUQNMU-KTKRTIGZSA-N","UAUDZVJPLUQNMU","CCCCCCCC/C=C\CCCCCCCCCCCC(N)=O","C22H43NO","Erucamide","http://www.wikidata.org/entity/Q27231146","Fatty acids","Fatty amides","Fatty acids","Fatty amides","Primary amides","Streptococcus pneumoniae","['Bacteria']","['Unknown']","['Firmicutes']","['Bacilli']","['Lactobacillales']","['Streptococcaceae']","['Unknown']","['Streptococcus']","['Streptococcus pneumoniae']","nan","699152.0","http://www.wikidata.org/entity/Q221179",0,2.53979941834066,0.0199600798403194,2.53549972509234,0.0199600798403194,2.56416693065143,0.0219560878243513,0.141,0.105788423153693
2487,"2487_321.32_10.8","NA_[2487_321.32_10.8]",321.315600147718,10.8136015,0.0194268384968712,1.7115978702741,1.42496526316206,0.51092675066358,"Tris[butyl(methyl)amino]-methylphosphanium",NA,NA,0.026,0.026,-99.707,64.573,1,"InChI=1S/C16H39N3P/c1-8-11-14-17(4)20(7,18(5)15-12-9-2)19(6)16-13-10-3/h8-16H2,1-7H3/q+1","DXYONSFGJLOPGB","C16H38N3P","[M + H3N + H]+","CCCCN(C)[P+](C)(N(C)CCCC)N(C)CCCC","Alkaloids","Polyamines","Fatty acyls","320.30791589999995","InChI=1S/C22H40O/c1-2-3-4-5-6-7-8-9-10-11-12-13-14-15-16-17-18-19-20-21-22-23/h3-4,6-7,9-10,23H,2,5,8,11-22H2,1H3","LCDDKECOTQQPAO-UHFFFAOYSA-N","LCDDKECOTQQPAO","CCC=CCC=CCC=CCCCCCCCCCCCCO","C22H40O","13,16,19-Docosatrienol","http://www.wikidata.org/entity/Q115948230","Fatty acids","Fatty acyls","Terpenoids","Sesquiterpenoids","Fatty alcohols","Solanum lycopersicum","['Eukaryota']","['Archaeplastida']","['Streptophyta']","['Magnoliopsida']","['Solanales']","['Solanaceae']","['Solaneae']","['Solanum']","['Solanum lycopersicum']","nan","378964.0","http://www.wikidata.org/entity/Q23501",0,1.00100150250438,0.259481037924152,1.00100150250438,0.267465069860279,1.00100150250438,0.259481037924152,0.0545,0.732534930139721
2528,"2528_163.1_11","NA_[2528_163.1_11]",163.097946673552,10.966824,0.0378141571444406,1.42234557533129,1.41357704577427,0.499350518137075,"2-(1H-Imidazol-2-yl)pyridine",NA,NA,0.181,0.126,-65.245,53.371,1,"InChI=1S/C8H7N3/c1-2-4-9-7(3-1)8-10-5-6-11-8/h1-6H,(H,10,11)","SZXUTTGMFUSMCE","C8H7N3","[M + H3N + H]+","C1=CC=NC(=C1)C2=NC=CN2","Alkaloids","Pyridine alkaloids","Nicotinic acid alkaloids",NA,NA,NA,NA,NA,NA,NA,NA,NA,NA,NA,NA,NA,NA,NA,NA,NA,NA,NA,NA,NA,NA,NA,NA,NA,NA,NA,1.84453388024833,0.0878243512974052,1.94881009766875,0.0678642714570858,1.91939817108553,0.0918163672654691,0.0745,0.439121756487026
2683,"2683_893.56_11.4","NA_[2683_893.56_11.4]",893.555278072941,11.384508,0.0457875535281339,1.33925256061329,1.39590813760983,0.481204003313021,"4-N-[[3-[[[4-carbamoyl-2-(2-carbamoyl-3,3-dimethylbutyl)-5,5-dimethylhexanoyl]amino]methoxy]-3,9-dimethyl-2,4,8,10-tetraoxaspiro[5.5]undecan-9-yl]oxymethyl]-2,2,8,8-tetramethylnonane-2,4,6-tricarboxamide",NA,NA,-Inf,-Inf,-328.307,103.778,0.387,"InChI=1S/C43H78N6O12/c1-37(2,3)27(31(44)50)15-25(16-28(32(45)51)38(4,5)6)35(54)48-23-60-41(13)56-19-43(20-57-41)21-58-42(14,59-22-43)61-24-49-36(55)26(17-29(33(46)52)39(7,8)9)18-30(34(47)53)40(10,11)12/h25-30H,15-24H2,1-14H3,(H2,44,50)(H2,45,51)(H2,46,52)(H2,47,53)(H,48,54)(H,49,55)","GCJRBEVJCVSXAZ","C43H78N6O12","[M + Na]+","CC1(OCC2(CO1)COC(OC2)(C)OCNC(=O)C(CC(C(=O)N)C(C)(C)C)CC(C(=O)N)C(C)(C)C)OCNC(=O)C(CC(C(=O)N)C(C)(C)C)CC(C(=O)N)C(C)(C)C","Amino acids and Peptides","Lipopeptides","Oligopeptides","870.565921468","InChI=1S/C55H74N4O5/c1-13-39-35(8)42-28-44-37(10)41(24-25-48(60)64-27-26-34(7)23-17-22-33(6)21-16-20-32(5)19-15-18-31(3)4)52(58-44)50-51(55(62)63-12)54(61)49-38(11)45(59-53(49)50)30-47-40(14-2)36(9)43(57-47)29-46(39)56-42/h13,26,28-33,37,41,51,56,59H,1,14-25,27H2,2-12H3/b34-26+,42-28?,43-29?,44-28?,45-30?,46-29?,47-30?,52-50?/t32-,33+,37-,41+,51+/m1/s1","CQIKWXUXPNUNDV-BJLCJBBZSA-N","CQIKWXUXPNUNDV","C=Cc1c(C)c2cc3nc(c4c5[nH]c(cc6nc(cc1[nH]2)C(C)=C6CC)c(C)c5C(=O)[C@H]4C(=O)OC)[C@@H](CCC(=O)OC/C=C(\C)CCC[C@@H](C)CCC[C@H](C)CCCC(C)C)[C@H]3C","C55H74N4O5","nan","http://www.wikidata.org/entity/Q104968020","Terpenoids","Meroterpenoids","Terpenoids","Meroterpenoids","Prenyl quinone meroterpenoids","Arabidopsis thaliana","['Eukaryota']","['Archaeplastida']","['Streptophyta']","['Magnoliopsida']","['Brassicales']","['Brassicaceae']","['Camelineae']","['Arabidopsis']","['Arabidopsis thaliana']","nan","309263.0","http://www.wikidata.org/entity/Q158695",9,0,0.506986027944112,0,0.510978043912176,0,0.479041916167665,0.0445,0.802395209580838
2711,"2711_893.56_11.4","NA_[2711_893.56_11.4]",893.555209338544,11.427199,0.0490387053422006,1.30946100403124,1.45904849026413,0.545027830823383,NA,NA,NA,0.142,0.142,-452.194,47.633,0.888,"InChI=1S/C55H74N4O5/c1-13-39-35(8)42-28-44-37(10)41(24-25-48(60)64-27-26-34(7)23-17-22-33(6)21-16-20-32(5)19-15-18-31(3)4)52(58-44)50-51(55(62)63-12)54(61)49-38(11)45(59-53(49)50)30-47-40(14-2)36(9)43(57-47)29-46(39)56-42/h13,26,28-33,37,41,51,58,61H,1,14-25,27H2,2-12H3","FDHFJXKRMIVNCQ","C55H74N4O5","[M + Na]+","CCC1=C(C2=NC1=CC3=C(C4=C(C(C(=C5C(C(C(=CC6=NC(=C2)C(=C6C)C=C)N5)C)CCC(=O)OCC=C(C)CCCC(C)CCCC(C)CCCC(C)C)C4=N3)C(=O)OC)O)C)C","Alkaloids","Pyrrole alkaloids","Tryptophan alkaloids","870.565921468","InChI=1S/C55H74N4O5/c1-13-39-35(8)42-28-44-37(10)41(24-25-48(60)64-27-26-34(7)23-17-22-33(6)21-16-20-32(5)19-15-18-31(3)4)52(58-44)50-51(55(62)63-12)54(61)49-38(11)45(59-53(49)50)30-47-40(14-2)36(9)43(57-47)29-46(39)56-42/h13,26,28-33,37,41,51,56,59H,1,14-25,27H2,2-12H3/b34-26+,42-28?,43-29?,44-28?,45-30?,46-29?,47-30?,52-50?/t32-,33+,37-,41+,51+/m1/s1","CQIKWXUXPNUNDV-BJLCJBBZSA-N","CQIKWXUXPNUNDV","C=Cc1c(C)c2cc3nc(c4c5[nH]c(cc6nc(cc1[nH]2)C(C)=C6CC)c(C)c5C(=O)[C@H]4C(=O)OC)[C@@H](CCC(=O)OC/C=C(\C)CCC[C@@H](C)CCC[C@H](C)CCCC(C)C)[C@H]3C","C55H74N4O5","nan","http://www.wikidata.org/entity/Q104968020","Terpenoids","Meroterpenoids","Terpenoids","Meroterpenoids","Prenyl quinone meroterpenoids","Arabidopsis thaliana","['Eukaryota']","['Archaeplastida']","['Streptophyta']","['Magnoliopsida']","['Brassicales']","['Brassicaceae']","['Camelineae']","['Arabidopsis']","['Arabidopsis thaliana']","nan","309263.0","http://www.wikidata.org/entity/Q158695",9,1.8966081045272,0.0778443113772455,1.85021033733688,0.0858283433133733,1.98770612744662,0.0718562874251497,0.0757,0.506986027944112
2717,"2717_641.49_11.5","NA_[2717_641.49_11.5]",641.490364165958,11.496034,0.0331765130450335,1.47916926161727,1.33688141231922,0.418871497258636,NA,NA,NA,0.065,0.065,-338.973,90.125,0.259,"InChI=1S/C39H61NO5/c1-3-5-7-9-11-13-14-15-16-17-18-20-22-24-30-34-39(44)45-36(31-27-23-21-19-12-10-8-6-4-2)32-28-25-26-29-33-37(41)40-35-38(42)43/h5,7,11,13,15-16,18-21,24,27,30-31,36H,3-4,6,8-10,12,14,17,22-23,25-26,28-29,32-35H2,1-2H3,(H,40,41)(H,42,43)","JNAFDJXZWOLSSF","C39H61NO5","[M + H3N + H]+","CCCCCCC=CCC=CC(CCCCCCC(=O)NCC(=O)O)OC(=O)CC=CCC=CCC=CCC=CCC=CCC","Fatty acids","Neutral glycosphingolipids","Spingolipids","nan","nan","nan","JUPBAJDAEVHBJQ",NA,"nan","nan","nan","nan","nan","nan","nan","nan","nan","['Unknown']","['Unknown']","['Unknown']","['Unknown']","['Unknown']","['Unknown']","['Unknown']","['Unknown']","['Unknown']","nan","nan","nan",0,1.34406227991274,0.165668662674651,1.38942503594182,0.11377245508982,1.41705050316284,0.131736526946108,0.0838,0.269461077844311
2798,"2798_151.11_11.8","NA_[2798_151.11_11.8]",151.105866580523,11.7521,0.049383334423215,1.30641958931879,1.35755241670557,0.441007903268134,NA,NA,NA,NA,NA,NA,NA,NA,NA,NA,NA,NA,NA,NA,NA,NA,NA,NA,NA,NA,NA,NA,NA,NA,NA,NA,NA,NA,NA,NA,NA,NA,NA,NA,NA,NA,NA,NA,NA,NA,NA,NA,NA,0,0.435129740518962,0,0.473053892215569,0,0.405189620758483,0.041,0.736526946107784
2852,"2852_1215.75_11.9","NA_[2852_1215.75_11.9]",1215.74838534876,11.895927,0.047511747694922,1.32319899399038,1.36346990379522,0.447282855644013,NA,NA,NA,NA,NA,NA,NA,NA,NA,NA,NA,NA,NA,NA,NA,NA,NA,NA,NA,NA,NA,NA,NA,NA,NA,NA,NA,NA,NA,NA,NA,NA,NA,NA,NA,NA,NA,NA,NA,NA,NA,NA,NA,0,0.467065868263473,0,0.479041916167665,0,0.421157684630739,0.034,0.896207584830339
2859,"2859_233.15_11.9","NA_[2859_233.15_11.9]",233.153047422939,11.918511,0.0294457725516891,1.53097704686192,0.70096733726966,-0.512580873842531,"1,4-Dibutyl-5-chlorotriazole",NA,NA,0.006,0.006,-130.119,70.145,0.866,"InChI=1S/C10H18ClN3/c1-3-5-7-9-10(11)14(13-12-9)8-6-4-2/h3-8H2,1-2H3","CXGCOKFHQKPALE","C10H18ClN3","[M + H3N + H]+","CCCCC1=C(N(N=N1)CCCC)Cl","Alkaloids","Pyrrole alkaloids","Proline alkaloids","232.14632988","InChI=1S/C15H20O2/c1-9(2)11-5-6-15(4)8-13(16)14(17)10(3)12(15)7-11/h8,11,16H,1,5-7H2,2-4H3/t11-,15+/m1/s1","ANBQZRWVQGYZGU-ABAIWWIYSA-N","ANBQZRWVQGYZGU","C=C(C)[C@@H]1CC[C@@]2(C)C=C(O)C(=O)C(C)=C2C1","C15H20O2","(4aS,7R)-3-hydroxy-1,4a-dimethyl-7-prop-1-en-2-yl-5,6,7,8-tetrahydronaphthalen-2-one","http://www.wikidata.org/entity/Q104915052","Terpenoids","Sesquiterpenoids","Terpenoids","Sesquiterpenoids","Eudesmane sesquiterpenoids","Nicotiana undulata","['Eukaryota']","['Archaeplastida']","['Streptophyta']","['Magnoliopsida']","['Solanales']","['Solanaceae']","['Nicotianeae']","['Nicotiana']","['Nicotiana undulata']","nan","210478.0","http://www.wikidata.org/entity/Q15531484",0,0,0.435129740518962,0,0.455089820359281,0,0.389221556886228,0.0325,0.902195608782435
