"feature_id_full","feature_id","feature_mz","feature_rt","Arabidopsis thaliana_vs_NA_p_value","Arabidopsis thaliana_vs_NA_p_value_minus_log10","Arabidopsis thaliana_vs_NA_fold_change","Arabidopsis thaliana_vs_NA_fold_change_log2","canopus_npc_pathway","canopus_npc_superclass","canopus_npc_class","sirius_name","gnps_smiles","met_annot_structure_smiles","sirius_smiles","gnps_inchi","gnps_inchi_aux","gnps_inchikey","gnps_inchikey_planar","met_annot_short_inchikey","met_annot_structure_inchi","met_annot_structure_inchikey","sirius_inchi","sirius_inchikey2d"
"2777_153.11_11.7",2777,153.113747237542,11.671084,3.64169594867656e-08,7.43869631700466,0.522922476228615,-0.935331013521357,"Alkaloids","Nicotinic acid alkaloids","Pyridine alkaloids","5,6,7,8-Tetrahydropyrido[3,4-d]pyrimidine",NA,"CCCCC(CC)CO","C1CNCC2=NC=NC=C21",NA,NA,NA,NA,"YIWUKEYIRIRTPP","InChI=1S/C8H18O/c1-3-5-6-8(4-2)7-9/h8-9H,3-7H2,1-2H3","YIWUKEYIRIRTPP-UHFFFAOYSA-N","InChI=1S/C7H9N3/c1-2-8-4-7-6(1)3-9-5-10-7/h3,5,8H,1-2,4H2","WGJUBVJZKNTGRC"
"2713_136.09_11.5",2713,136.087106081703,11.496032,1.85353726384368e-06,5.73199867841294,0.548437486661759,-0.86660090966978,"Alkaloids","Nicotinic acid alkaloids","Pyridine alkaloids","Imidazo[1,2-a]pyridine",NA,NA,"C1=CC2=NC=CN2C=C1",NA,NA,NA,NA,NA,NA,NA,"InChI=1S/C7H6N2/c1-2-5-9-6-4-8-7(9)3-1/h1-6H","UTCSSFWDNNEEBH"
"1402_190.99_7.1",1402,190.994119297703,7.054214,3.05543895591788e-05,4.51492638855121,0.568759713759833,-0.814108814911142,"Amino acids and Peptides","Small peptides","Aminoacids","1-[5-[Amino(dihydroxy)-lambda4-sulfanyl]-1,3-thiazol-2-yl]ethanone",NA,"O=C(O)CCC(=O)C(=O)O","CC(=O)C1=NC=C(S1)S(N)(O)O",NA,NA,NA,NA,"KPGXRSRHYNQIFN","InChI=1S/C5H6O5/c6-3(5(9)10)1-2-4(7)8/h1-2H2,(H,7,8)(H,9,10)","KPGXRSRHYNQIFN-UHFFFAOYSA-N","InChI=1S/C5H8N2O3S2/c1-3(8)5-7-2-4(11-5)12(6,9)10/h2,9-10H,6H2,1H3","PKBZKRDRVZZFTI"
"2559_694.5_11",2559,694.495460993114,11.0213785,0.00360335040159694,2.44329350360581,1.48010567401099,0.565700182563079,NA,NA,NA,NA,NA,NA,NA,NA,NA,NA,NA,NA,NA,NA,NA,NA
"264_158.96_1",264,158.961631394773,0.97421575,0.00803511575430028,2.09500786238642,1.41840476622435,0.504269289203634,NA,NA,NA,NA,NA,NA,NA,NA,NA,NA,NA,NA,NA,NA,NA,NA
"1971_567.28_8.7",1971,567.283741685407,8.674913,0.00990357498246226,2.00420800591806,1.43949776283452,0.525565546768629,NA,NA,NA,NA,NA,NA,NA,NA,NA,NA,NA,NA,NA,NA,NA,NA
"2556_792.61_11",2556,792.606213205713,11.015232,0.0102711972713376,1.98837892952553,1.48721484169582,0.572613072851279,"Amino acids and Peptides","Oligopeptides","Microcolins and mirabimids","2-[[4-[4-[2-[4-[4-[[2-(Hydroperoxymethyl)-4-methylcyclohexyl]methoxyamino]cyclohexyl]oxycyclohexyl]propan-2-yl]cyclohexyl]oxycyclohexyl]carbamoyl]-5-methylcyclohexane-1-carboxylic acid",NA,NA,"CC1CCC(C(C1)COO)CONC2CCC(CC2)OC3CCC(CC3)C(C)(C)C4CCC(CC4)OC5CCC(CC5)NC(=O)C6CCC(CC6C(=O)O)C",NA,NA,NA,NA,NA,NA,NA,"InChI=1S/C45H78N2O8/c1-29-5-7-31(32(25-29)28-53-51)27-52-47-36-14-22-40(23-15-36)55-38-18-10-34(11-19-38)45(3,4)33-8-16-37(17-9-33)54-39-20-12-35(13-21-39)46-43(48)41-24-6-30(2)26-42(41)44(49)50/h29-42,47,51H,5-28H2,1-4H3,(H,46,48)(H,49,50)","QKIOHWPXBYQOKB"
"618_186.15_3.2",618,186.149328559216,3.2347343,0.0102826609623748,1.98789448342112,0.710091625705684,-0.493922902069346,"Fatty acids","Fatty Acids and Conjugates","Unsaturated fatty acids","p-Mentha-1(7),8-dien-10-yl hydroperoxide",NA,"CCCCCCCCCCCCCCCCCCCC(=O)OC","C=C1CCC(CC1)C(=C)COO",NA,NA,NA,NA,"QGBRLVONZXHAKJ","InChI=1S/C21H42O2/c1-3-4-5-6-7-8-9-10-11-12-13-14-15-16-17-18-19-20-21(22)23-2/h3-20H2,1-2H3","QGBRLVONZXHAKJ-UHFFFAOYSA-N","InChI=1S/C10H16O2/c1-8-3-5-10(6-4-8)9(2)7-12-11/h10-11H,1-7H2","IDHJELSAQZNLMQ"
"1670_149.02_7.9",1670,149.024330428379,7.8669486,0.0104790403372055,1.97967848789996,1.44065436782103,0.526724255261998,"Fatty acids","Fatty Acids and Conjugates","Halogenated fatty acids","3-Fluoro-4-methoxy-4-oxobut-2-enoic acid",NA,NA,"COC(=O)C(=CC(=O)O)F",NA,NA,NA,NA,NA,NA,NA,"InChI=1S/C5H5FO4/c1-10-5(9)3(6)2-4(7)8/h2H,1H3,(H,7,8)","OCOHJQOPPUTZFO"
"269_186.96_1",269,186.956558125705,1.016599,0.0109857798643897,1.95916910772124,1.41305896843615,0.498821672108711,NA,NA,NA,NA,NA,NA,NA,NA,NA,NA,NA,NA,NA,NA,NA,NA
"2744_130.17_11.6",2744,130.16688282304,11.592401,0.0110180383178906,1.95789572159607,0.546800813130946,-0.870912706553647,NA,NA,NA,NA,NA,NA,NA,NA,NA,NA,NA,NA,NA,NA,NA,NA
"2712_149.08_11.5",2712,149.082391413928,11.490586,0.0111618755250339,1.9522628249561,0.551973999127538,-0.857327784791956,"Alkaloids","Nicotinic acid alkaloids","Pyridine alkaloids","Pyrido[2,3-b]pyrazine",NA,NA,"C1=CC2=NC=CN=C2N=C1",NA,NA,NA,NA,NA,NA,NA,"InChI=1S/C7H5N3/c1-2-6-7(9-3-1)10-5-4-8-6/h1-5H","YEYHFKBVNARCNE"
"755_283.19_3.9",755,283.190641488769,3.9357197,0.0113056051032732,1.94670618820763,1.47854883427019,0.564181894317851,"Fatty acids","Octadecanoids","Phytoprostanes","3,8-Decanediol diacrylate",NA,NA,"CCC(CCCCC(CC)OC(=O)C=C)OC(=O)C=C",NA,NA,NA,NA,"BAUUAFSTHVMWIR","nan","nan","InChI=1S/C16H26O4/c1-5-13(19-15(17)7-3)11-9-10-12-14(6-2)20-16(18)8-4/h7-8,13-14H,3-6,9-12H2,1-2H3","IOJUBXINUGTEJC"
"2745_165.11_11.6",2745,165.113786939177,11.586161,0.0120507280627996,1.91898671374434,0.57207165543806,-0.805732230277793,"Alkaloids","Nicotinic acid alkaloids","Pyridine alkaloids","3-(Pyridin-3-ylamino)propanenitrile",NA,"CC(C)[C@H](C)[C@@H](O)[C@H](O)[C@@H](C)[C@H]1CC[C@@H]2[C@@H]3CC(=O)[C@H]4C[C@H](O)CC[C@]4(C)[C@H]3CC[C@]12C","C1=CC(=CN=C1)NCCC#N",NA,NA,NA,NA,"SBSXXCCMIWEPEE","InChI=1S/C28H48O4/c1-15(2)16(3)25(31)26(32)17(4)20-7-8-21-19-14-24(30)23-13-18(29)9-11-28(23,6)22(19)10-12-27(20,21)5/h15-23,25-26,29,31-32H,7-14H2,1-6H3/t16-,17-,18+,19-,20+,21+,22-,23+,25+,26+,27+,28+/m0/s1","SBSXXCCMIWEPEE-UFZNHOCZSA-N","InChI=1S/C8H9N3/c9-4-2-6-11-8-3-1-5-10-7-8/h1,3,5,7,11H,2,6H2","BUMNKYJITTZEJV"
"388_209.14_2.1",388,209.138633973512,2.0542126,0.0125807347308862,1.90029399480079,0.669554785641253,-0.578725987449475,"Fatty acids","Fatty acyls","Fatty alcohols","2,5,8,11-tetraoxatridecan-13-ol",NA,NA,"COCCOCCOCCOCCO",NA,NA,NA,NA,NA,NA,NA,"InChI=1S/C9H20O5/c1-11-4-5-13-8-9-14-7-6-12-3-2-10/h10H,2-9H2,1H3","ZNYRFEPBTVGZDN"
"1685_149.02_7.9",1685,149.024330714464,7.905343,0.0126956601601117,1.89634471137636,1.45495483267798,0.54097436709718,"Shikimates and Phenylpropanoids","Phenolic acids (C6-C1)","Simple phenolic acids","Isophthalic Acid",NA,NA,"C1=CC(=CC(=C1)C(=O)O)C(=O)O",NA,NA,NA,NA,NA,NA,NA,"InChI=1S/C8H6O4/c9-7(10)5-2-1-3-6(4-5)8(11)12/h1-4H,(H,9,10)(H,11,12)","QQVIHTHCMHWDBS"
"2771_153.11_11.6",2771,153.113654233019,11.637205,0.0127387836234793,1.89487203909887,0.561262531908794,-0.833252342078876,"Alkaloids","Nicotinic acid alkaloids","Pyridine alkaloids","5,6,7,8-Tetrahydropyrido[3,4-d]pyrimidine",NA,NA,"C1CNCC2=NC=NC=C21",NA,NA,NA,NA,NA,NA,NA,"InChI=1S/C7H9N3/c1-2-8-4-7-6(1)3-9-5-10-7/h3,5,8H,1-2,4H2","WGJUBVJZKNTGRC"
"387_226.17_2",387,226.165182496935,2.0499492,0.012883660579967,1.88996072518959,0.654947246453389,-0.610549387237399,"Fatty acids","Fatty acyls","Fatty alcohols","2,5,8,11-tetraoxatridecan-13-ol",NA,NA,"COCCOCCOCCOCCO",NA,NA,NA,NA,NA,NA,NA,"InChI=1S/C9H20O5/c1-11-4-5-13-8-9-14-7-6-12-3-2-10/h10H,2-9H2,1H3","ZNYRFEPBTVGZDN"
"254_139.98_0.9",254,139.98249811165,0.88586825,0.0129625630257425,1.887309118999,1.40918268137205,0.494858649565018,"Fatty acids","Fatty amides","N-acyl amines","Thiosulfuric acid (H2S2O3), S-(2-aminoethyl) ester",NA,NA,"C(CSS(=O)(=O)O)N",NA,NA,NA,NA,NA,NA,NA,"InChI=1S/C2H7NO3S2/c3-1-2-7-8(4,5)6/h1-3H2,(H,4,5,6)","MXTPRJXPLFGHEE"
"1741_278.25_8.1",1741,278.249367994837,8.118839,0.0130857026208347,1.88320295348577,0.666650832726466,-0.584996766448586,NA,NA,NA,NA,NA,"CCCC/C=C/C=C/C=C/[C@H]1CC[C@@H](OC)[C@@H](C)N1C",NA,NA,NA,NA,NA,"YIOUPFBHICGXGU","InChI=1S/C18H31NO/c1-5-6-7-8-9-10-11-12-13-17-14-15-18(20-4)16(2)19(17)3/h8-13,16-18H,5-7,14-15H2,1-4H3/b9-8+,11-10+,13-12+/t16-,17+,18-/m1/s1","YIOUPFBHICGXGU-VLXASLQNSA-N",NA,NA
"2605_136.09_11.2",2605,136.087109791783,11.199681,0.0141341449985223,1.84973045768416,0.583690510288414,-0.776724481988673,"Alkaloids","Nicotinic acid alkaloids","Pyridine alkaloids","Imidazo[1,2-a]pyridine",NA,NA,"C1=CC2=NC=CN2C=C1",NA,NA,NA,NA,NA,NA,NA,"InChI=1S/C7H6N2/c1-2-5-9-6-4-8-7(9)3-1/h1-6H","UTCSSFWDNNEEBH"
"458_324.23_2.4",458,324.228503659493,2.44969,0.0141863751181103,1.84812856066037,0.728554371381784,-0.456891451498343,"Alkaloids","Lysine alkaloids","Piperidine alkaloids","Barbituric acid, 1,3-dicyclohexyl-5-methyl-",NA,"CCC(C)C(NC)C(=O)NC(CCC1C=CC(N)C=C1)C(=O)O","CC1C(=O)N(C(=O)N(C1=O)C2CCCCC2)C3CCCCC3",NA,NA,NA,NA,"ATAHFPOIIFBWFN","InChI=1S/C17H29N3O3/c1-4-11(2)15(19-3)16(21)20-14(17(22)23)10-7-12-5-8-13(18)9-6-12/h5-6,8-9,11-15,19H,4,7,10,18H2,1-3H3,(H,20,21)(H,22,23)","ATAHFPOIIFBWFN-UHFFFAOYSA-N","InChI=1S/C17H26N2O3/c1-12-15(20)18(13-8-4-2-5-9-13)17(22)19(16(12)21)14-10-6-3-7-11-14/h12-14H,2-11H2,1H3","ILCHAUPJKKIXPX"
"328_233.08_1.5",328,233.078682202924,1.5471708,0.014444285756959,1.84030392834249,0.716147721389163,-0.481670888774902,"Carbohydrates","Aminosugars and aminoglycosides","Aminosugars","Serine glutamate",NA,NA,"C(CC(=O)O)C(C(=O)OOC(=O)C(CO)N)N",NA,NA,NA,NA,NA,NA,NA,"InChI=1S/C8H14N2O7/c9-4(1-2-6(12)13)7(14)16-17-8(15)5(10)3-11/h4-5,11H,1-3,9-10H2,(H,12,13)","YFLQCMTWKKHGNE"
"894_163_4.8",894,162.998545433844,4.834072,0.0149754092853215,1.82462129929407,0.734330941321381,-0.445497705114137,"Amino acids and Peptides","Oligopeptides","Cyclamides","Acetamide, 2,2'-dithiodi-",NA,"O=C(O)CCC(=O)O|CC(C(=O)O)C(=O)O","C(C(=O)N)SSCC(=O)N",NA,NA,NA,NA,"KDYFGRWQOYBRFD|ZIYVHBGGAOATLY","InChI=1S/C4H6O4/c5-3(6)1-2-4(7)8/h1-2H2,(H,5,6)(H,7,8)|InChI=1S/C4H6O4/c1-2(3(5)6)4(7)8/h2H,1H3,(H,5,6)(H,7,8)","KDYFGRWQOYBRFD-UHFFFAOYSA-N|ZIYVHBGGAOATLY-UHFFFAOYSA-N","InChI=1S/C4H8N2O2S2/c5-3(7)1-9-10-2-4(6)8/h1-2H2,(H2,5,7)(H2,6,8)","WFVWTLVPOUCKBR"
"1376_295.23_7",1376,295.228509341202,6.9995065,0.0162562579986755,1.78897941677118,0.666888692621557,-0.584482107095502,"Fatty acids","Octadecanoids","Other Octadecanoids","9-Oxo-11,13-octadecadienoic acid",NA,"CCC=CCC=CC=CC(O)CCCCCCCC(=O)O","CCCCC=CC=CCC(=O)CCCCCCCC(=O)O",NA,NA,NA,NA,"RIGGEAZDTKMXSI","InChI=1S/C18H30O3/c1-2-3-4-5-6-8-11-14-17(19)15-12-9-7-10-13-16-18(20)21/h3-4,6,8,11,14,17,19H,2,5,7,9-10,12-13,15-16H2,1H3,(H,20,21)","RIGGEAZDTKMXSI-UHFFFAOYSA-N","InChI=1S/C18H30O3/c1-2-3-4-5-6-8-11-14-17(19)15-12-9-7-10-13-16-18(20)21/h5-6,8,11H,2-4,7,9-10,12-16H2,1H3,(H,20,21)","VGLABFRUPBCSOM"
"2572_694.5_11",2572,694.495386430702,11.029837,0.0176818485599596,1.75247233336012,1.47026870517754,0.556079844994129,"Polyketides","Macrolides","Erythromycins","Tert-butyl 2-[4-[2-[(2-methylpropan-2-yl)oxy]-2-oxoethyl]-7-[2-(1,4,7,10,13-pentaoxacyclopentadec-2-ylmethoxy)ethyl]-1,4,7,10-tetrazacyclododec-1-yl]acetate",NA,NA,"CC(C)(C)OC(=O)CN1CCNCCN(CCN(CC1)CC(=O)OC(C)(C)C)CCOCC2COCCOCCOCCOCCO2",NA,NA,NA,NA,NA,NA,NA,"InChI=1S/C33H64N4O10/c1-32(2,3)46-30(38)25-36-10-8-34-7-9-35(11-12-37(14-13-36)26-31(39)47-33(4,5)6)15-16-43-27-29-28-44-22-21-41-18-17-40-19-20-42-23-24-45-29/h29,34H,7-28H2,1-6H3","NOTPTNFONKAORF"
"2408_124.09_10.6",2408,124.08848016039,10.56123,0.0183522192984058,1.73631140984394,0.729406245162928,-0.455205542831908,"Fatty acids","Nicotinic acid alkaloids","Halogenated fatty acids","1-(2-Fluoroethyl)urea",NA,NA,"C(CF)NC(=O)N",NA,NA,NA,NA,NA,NA,NA,"InChI=1S/C3H7FN2O/c4-1-2-6-3(5)7/h1-2H2,(H3,5,6,7)","SNHLRJSKPOPBPO"
"2486_130.15_10.8",2486,130.151836403264,10.832361,0.0204407115242619,1.68950399084249,0.744692049315913,-0.425284140148671,NA,NA,NA,NA,NA,NA,NA,NA,NA,NA,NA,NA,NA,NA,NA,NA
"1396_200.2_7.1",1396,200.202056466024,7.056003,0.0217248989173538,1.66304223558068,0.717569919304171,-0.478808681470067,"Fatty acids","Fatty acyls","Fatty alcohols","4-(4-Methylpentyl)cyclohexan-1-one","Cc1cc(=O)n2c3c(cccc13)CCC2",NA,"CC(C)CCCC1CCC(=O)CC1","\"\"InChI=1S/C13H13NO/c1-9-8-12(15)14-7-3-5-10-4-2-6-11(9)13(10)14/h2,4,6,8H,3,5,7H2,1H3\"\"",NA,"INLMMGKPTMPKDG-UHFFFAOYSA-N","INLMMGKPTMPKDG",NA,NA,NA,"InChI=1S/C12H22O/c1-10(2)4-3-5-11-6-8-12(13)9-7-11/h10-11H,3-9H2,1-2H3","MRMCVCAJVDSTBJ"
"988_490.29_5.4",988,490.286968456295,5.404678,0.0226456448375097,1.6450153082164,0.718929536059347,-0.476077719159431,NA,NA,NA,NA,NA,NA,NA,NA,NA,NA,NA,NA,NA,NA,NA,NA
"243_130.97_0.8",243,130.966697611065,0.81640476,0.0236412702731975,1.62632919201164,1.42340619589915,0.509347420954968,"Fatty acids","Fatty Acids and Conjugates","Halogenated fatty acids","2,2-Dichloro-1,1-ethanediol",NA,NA,"C(C(Cl)Cl)(O)O",NA,NA,NA,NA,NA,NA,NA,"InChI=1S/C2H4Cl2O2/c3-1(4)2(5)6/h1-2,5-6H","RUUBIFVWPACNLY"
"488_163_2.6",488,162.998525189004,2.597763,0.0239786354980113,1.62017553402052,1.33449882545423,0.416298035706851,"Fatty acids","Fatty Acids and Conjugates","Halogenated fatty acids","(Carboxyamino)oxycarbonyloxycarbamic acid",NA,NA,"C(=O)(NOC(=O)ONC(=O)O)O",NA,NA,NA,NA,NA,NA,NA,"InChI=1S/C3H4N2O7/c6-1(7)4-11-3(10)12-5-2(8)9/h4-5H,(H,6,7)(H,8,9)","BBWGTDKZWVEREK"
"2399_610.19_10.5",2399,610.190988264992,10.514055,0.0244957927055328,1.61090850182642,1.41967616277066,0.505561879274858,"Alkaloids","Anthranilic acid alkaloids","Purine alkaloids","N-(2-amino-2-methylpropyl)-5-[[3-(4-chlorophenyl)-5-oxo-4-[(2S)-3,3,3-trifluoro-2-hydroxypropyl]-1,2,4-triazol-1-yl]methyl]-2-(3-methoxypyridin-2-yl)-1,2,4-triazole-3-carboxamide",NA,NA,"CC(C)(CNC(=O)C1=NC(=NN1C2=C(C=CC=N2)OC)CN3C(=O)N(C(=N3)C4=CC=C(C=C4)Cl)CC(C(F)(F)F)O)N",NA,NA,NA,NA,NA,NA,NA,"InChI=1S/C25H27ClF3N9O4/c1-24(2,30)13-32-22(40)21-33-18(34-38(21)20-16(42-3)5-4-10-31-20)12-37-23(41)36(11-17(39)25(27,28)29)19(35-37)14-6-8-15(26)9-7-14/h4-10,17,39H,11-13,30H2,1-3H3,(H,32,40)","TVEJYDABTSUFIB"
"1086_139.98_5.9",1086,139.983494163393,5.869771,0.0247735425634876,1.60601188579337,1.35835381280696,0.441859309846349,"Amino acids and Peptides","Small peptides","Aminoacids","Thiosulfuric acid (H2S2O3), S-(2-aminoethyl) ester",NA,NA,"C(CSS(=O)(=O)O)N",NA,NA,NA,NA,NA,NA,NA,"InChI=1S/C2H7NO3S2/c3-1-2-7-8(4,5)6/h1-3H2,(H,4,5,6)","MXTPRJXPLFGHEE"
"2421_130.16_10.6",2421,130.160653885815,10.573946,0.0247987377631735,1.60557042386892,0.746818313592134,-0.421170788902517,NA,NA,NA,NA,NA,NA,NA,NA,NA,NA,NA,NA,NA,NA,NA,NA
"2312_126.1_10.2",2312,126.104161521162,10.152134,0.0249328232115454,1.60322854236365,0.712512721896752,-0.489012321208935,"Fatty acids","Fatty acyls","Halogenated fatty acids","3-(Aminooxy)-2-fluoropropanamine",NA,"CNCCc1cnc[nH]1","C(C(CON)F)N",NA,NA,NA,NA,"PHSPJQZRQAJPPF","InChI=1S/C6H11N3/c1-7-3-2-6-4-8-5-9-6/h4-5,7H,2-3H2,1H3,(H,8,9)","PHSPJQZRQAJPPF-UHFFFAOYSA-N","InChI=1S/C3H9FN2O/c4-3(1-5)2-7-6/h3H,1-2,5-6H2","KZCFCFDOYOJTOF"
"325_133.09_1.5",325,133.086203290642,1.5427773,0.026193124962393,1.58181268511953,0.720932717998162,-0.472063470566514,"Fatty acids","Fatty acyls","Fatty alcohols","(2R,5R)-hexane-1,2,5,6-tetrol",NA,NA,"C(CC(CO)O)C(CO)O",NA,NA,NA,NA,NA,NA,NA,"InChI=1S/C6H14O4/c7-3-5(9)1-2-6(10)4-8/h5-10H,1-4H2","AMXRXGOSEWMPEF"
"336_195.12_1.6",336,195.122955665283,1.5545748,0.0264515974149087,1.57754809574479,0.727484114538342,-0.459012349446473,"Fatty acids","Fatty acyls","Fatty alcohols","2-{2-[2-(2-hydroxyethoxy)ethoxy]ethoxy}ethan-1-ol",NA,NA,"C(COCCOCCOCCO)O",NA,NA,NA,NA,NA,NA,NA,"InChI=1S/C8H18O5/c9-1-3-11-5-7-13-8-6-12-4-2-10/h9-10H,1-8H2","UWHCKJMYHZGTIT"
"267_139.98_1",267,139.982533749196,1.0098361,0.0270535909954603,1.56777508005819,1.34145513624963,0.423798805778087,"Fatty acids","Small peptides","Aminoacids","Thiosulfuric acid (H2S2O3), S-(2-aminoethyl) ester",NA,NA,"C(CSS(=O)(=O)O)N",NA,NA,NA,NA,NA,NA,NA,"InChI=1S/C2H7NO3S2/c3-1-2-7-8(4,5)6/h1-3H2,(H,4,5,6)","MXTPRJXPLFGHEE"
"2502_163.1_10.9",2502,163.098101441336,10.864574,0.0274114609470111,1.56206781727637,0.750685621982602,-0.413719243824726,"Alkaloids","Nicotinic acid alkaloids","Pyridine alkaloids","4-(1H-imidazol-2-yl)pyridine",NA,NA,"C1=CN=CC=C1C2=NC=CN2",NA,NA,NA,NA,NA,NA,NA,"InChI=1S/C8H7N3/c1-3-9-4-2-7(1)8-10-5-6-11-8/h1-6H,(H,10,11)","QWZSAEUNIBEKIZ"
"1557_296.3_7.5",1557,296.296397613074,7.525127,0.0274743879887374,1.56107197301092,0.744745280469505,-0.425181018896363,"Fatty acids","Fatty amides","N-acyl ethanolamines (endocannabinoids)","N-(2-hydroxyethyl)heptadecanamide",NA,NA,"CCCCCCCCCCCCCCCCC(=O)NCCO",NA,NA,NA,NA,NA,NA,NA,"InChI=1S/C19H39NO2/c1-2-3-4-5-6-7-8-9-10-11-12-13-14-15-16-19(22)20-17-18-21/h21H,2-18H2,1H3,(H,20,22)","GCCFMSAXQJECNH"
"337_212.15_1.6",337,212.149539799956,1.5545748,0.0275406926709209,1.5600251410807,0.719935363456609,-0.474060709174861,"Fatty acids","Fatty acyls","Fatty alcohols","2-{2-[2-(2-hydroxyethoxy)ethoxy]ethoxy}ethan-1-ol",NA,NA,"C(COCCOCCOCCO)O",NA,NA,NA,NA,NA,NA,NA,"InChI=1S/C8H18O5/c9-1-3-11-5-7-13-8-6-12-4-2-10/h9-10H,1-8H2","UWHCKJMYHZGTIT"
"989_225.15_5.4",989,225.149046467949,5.409135,0.0276094494114857,1.55894225398869,0.684925841343409,-0.545980302606669,"Fatty acids","Macrolides","Macrolide lactones","2-(oct-7-en-1-yl)pentanedioic acid",NA,NA,"C=CCCCCCCC(CCC(=O)O)C(=O)O",NA,NA,NA,NA,NA,NA,NA,"InChI=1S/C13H22O4/c1-2-3-4-5-6-7-8-11(13(16)17)9-10-12(14)15/h2,11H,1,3-10H2,(H,14,15)(H,16,17)","VQHQSUSDPCTSEX"
"411_371.27_2.3",411,371.265493691005,2.2615235,0.0278467898623067,1.55522486244504,1.39839181276525,0.483768643356788,"Amino acids and Peptides","Small peptides","Dipeptides","2-[3-ethyl-1-(morpholine-4-carbonyl)piperidin-4-yl]-1-(morpholin-4-yl)ethan-1-one",NA,"CCCCC=CCC=CCC=CCCCCCc1cccc(O)c1C(=O)O","CCC1CN(CCC1CC(=O)N2CCOCC2)C(=O)N3CCOCC3",NA,NA,NA,NA,"XHGATLCYJAUBJV","InChI=1S/C24H34O3/c1-2-3-4-5-6-7-8-9-10-11-12-13-14-15-16-18-21-19-17-20-22(25)23(21)24(26)27/h5-6,8-9,11-12,17,19-20,25H,2-4,7,10,13-16,18H2,1H3,(H,26,27)","XHGATLCYJAUBJV-UHFFFAOYSA-N","InChI=1S/C18H31N3O4/c1-2-15-14-21(18(23)20-7-11-25-12-8-20)4-3-16(15)13-17(22)19-5-9-24-10-6-19/h15-16H,2-14H2,1H3","XBDZGJKMACLZGU"
"431_470.37_2.3",431,470.370824110273,2.3146868,0.0281318567683536,1.55080160243708,1.41740729250901,0.503254376782028,"Fatty acids","Fatty acyls","Fatty alcohols",NA,NA,NA,"CC(CCCC(CC(CCCC(CC(CC(CCCC(CC(C)O)O)O)O)O)O)O)O",NA,NA,NA,NA,NA,NA,NA,"InChI=1S/C23H48O8/c1-16(24)6-3-7-19(27)13-20(28)9-5-11-22(30)15-23(31)14-21(29)10-4-8-18(26)12-17(2)25/h16-31H,3-15H2,1-2H3","JLTZPFHFOCOCED"
"2214_139.99_9.9",2214,139.98948955797,9.883542,0.0292308560552884,1.53415846570162,1.34914307307299,0.432043350412085,NA,NA,NA,NA,NA,NA,NA,NA,NA,NA,NA,NA,NA,NA,NA,NA
"864_139.98_4.6",864,139.982769240691,4.6405625,0.0302945182056174,1.51863594999385,0.753306068149417,-0.408691944086183,"Fatty acids","Small peptides","Aminoacids","Thiosulfuric acid (H2S2O3), S-(2-aminoethyl) ester",NA,NA,"C(CSS(=O)(=O)O)N",NA,NA,NA,NA,NA,NA,NA,"InChI=1S/C2H7NO3S2/c3-1-2-7-8(4,5)6/h1-3H2,(H,4,5,6)","MXTPRJXPLFGHEE"
"1892_380.34_8.5",1892,380.339085638319,8.518722,0.0303994848277522,1.51713377620573,0.706215656701264,-0.501819289090213,"Alkaloids","Pseudoalkaloids (transamidation)","Phenylalanine-derived alkaloids","N-butyl-N-[(dibutylamino)-propoxyphosphoryl]butan-1-amine","CCCCCCCCCCCCCCC(O)CC(=O)N[C@@H](C)C(=O)O",NA,"CCCCN(CCCC)P(=O)(N(CCCC)CCCC)OCCC","\"\"InChI=1S/C20H39NO4/c1-3-4-5-6-7-8-9-10-11-12-13-14-15-18(22)16-19(23)21-17(2)20(24)25/h17-18,22H,3-16H2,1-2H3,(H,21,23)(H,24,25)/t17-,18?/m0/s1\"\"","\"\"InChI=1S/C20H39NO4/c1-3-4-5-6-7-8-9-10-11-12-13-14-15-18(22)16-19(23)21-17(2)20(24)25/h17-18,22H,3-16H2,1-2H3,(H,21,23)(H,24,25)/t17-,18?/m0/s1 [M+Na]+\"\"","XKJCRSNEFAJDDK-ZENAZSQFSA-N","XKJCRSNEFAJDDK",NA,NA,NA,"InChI=1S/C19H43N2O2P/c1-6-11-15-20(16-12-7-2)24(22,23-19-10-5)21(17-13-8-3)18-14-9-4/h6-19H2,1-5H3","HWWJNOXQGSXUQB"
"790_200.16_4.1",790,200.164932092477,4.1434407,0.0304644851221876,1.51620615745359,0.652664089086351,-0.615587433434832,"Fatty acids","Fatty Acids and Conjugates","Unsaturated fatty acids","6-Undecynoic acid","Cc1cc(=O)n2c3c(cccc13)CCC2",NA,"CCCCC#CCCCCC(=O)O","\"\"InChI=1S/C13H13NO/c1-9-8-12(15)14-7-3-5-10-4-2-6-11(9)13(10)14/h2,4,6,8H,3,5,7H2,1H3\"\"",NA,"INLMMGKPTMPKDG-UHFFFAOYSA-N","INLMMGKPTMPKDG",NA,NA,NA,"InChI=1S/C11H18O2/c1-2-3-4-5-6-7-8-9-10-11(12)13/h2-4,7-10H2,1H3,(H,12,13)","SZFIUICARVYPTH"
"2077_482.41_9",2077,482.4091751351,9.01605,0.0307279063832349,1.51246702897834,0.688817750105285,-0.537805774947435,"Fatty acids","Fatty amides","Polyamines","1,1-Didecyl-3-(3-pyridin-4-ylpropyl)urea",NA,NA,"CCCCCCCCCCN(CCCCCCCCCC)C(=O)NCCCC1=CC=NC=C1",NA,NA,NA,NA,NA,NA,NA,"InChI=1S/C29H53N3O/c1-3-5-7-9-11-13-15-17-26-32(27-18-16-14-12-10-8-6-4-2)29(33)31-23-19-20-28-21-24-30-25-22-28/h21-22,24-25H,3-20,23,26-27H2,1-2H3,(H,31,33)","AHYXPRUWCSKIQI"
"1675_279.16_7.9",1675,279.160564598157,7.871158,0.0318889261832582,1.49636010479396,1.41682108324911,0.502657585633168,NA,NA,NA,NA,"CCCCOC(=O)C1=CC=CC=C1C(=O)OCCCC","CCCCCCCCOC(=O)c1ccccc1C(=O)O",NA,"\"\"InChI=1S/C16H22O4/c1-3-5-11-19-15(17)13-9-7-8-10-14(13)16(18)20-12-6-4-2/h7-10H,3-6,11-12H2,1-2H3\"\"",NA,"DOIRQSBPFJWKBE-UHFFFAOYSA-N","DOIRQSBPFJWKBE","PKIYFBICNICNGJ","InChI=1S/C16H22O4/c1-2-3-4-5-6-9-12-20-16(19)14-11-8-7-10-13(14)15(17)18/h7-8,10-11H,2-6,9,12H2,1H3,(H,17,18)","PKIYFBICNICNGJ-UHFFFAOYSA-N",NA,NA
"2477_163.1_10.8",2477,163.098113508772,10.84387,0.0327123274856356,1.48528855467638,0.74793356564891,-0.419017964835114,"Alkaloids","Nicotinic acid alkaloids","Pyridine alkaloids","4-(1H-imidazol-2-yl)pyridine",NA,NA,"C1=CN=CC=C1C2=NC=CN2",NA,NA,NA,NA,NA,NA,NA,"InChI=1S/C8H7N3/c1-3-9-4-2-7(1)8-10-5-6-11-8/h1-6H,(H,10,11)","QWZSAEUNIBEKIZ"
"326_217.11_1.5",326,217.10566863085,1.5496017,0.033090932384035,1.48029099580368,0.72863493836424,-0.456731920289339,"Fatty acids","Fatty Acids and Conjugates","Fatty alcohols","2-[2-[(Z)-2-[(E)-2-(2-hydroxyethoxy)ethenoxy]ethenoxy]ethoxy]ethanol",NA,NA,"C(COCCOC=COC=COCCO)O",NA,NA,NA,NA,NA,NA,NA,"InChI=1S/C10H18O6/c11-1-3-13-5-7-15-9-10-16-8-6-14-4-2-12/h5,7,9-12H,1-4,6,8H2","GSQGAKZWEZKCHM"
"2414_151.1_10.6",2414,151.099359601863,10.569807,0.0334288019988236,1.47587918711138,0.765837849787405,-0.384889131028377,"Alkaloids","Nicotinic acid alkaloids","Pyridine alkaloids","3-(Methylamino)pyridine-2-carbonitrile",NA,NA,"CNC1=C(N=CC=C1)C#N",NA,NA,NA,NA,NA,NA,NA,"InChI=1S/C7H7N3/c1-9-6-3-2-4-10-7(6)5-8/h2-4,9H,1H3","UWJGWWBVJKHQNL"
"324_177.11_1.5",324,177.112501046516,1.5422238,0.0337090604774459,1.47225335175512,0.718212977891992,-0.477516372584797,"Fatty acids","Fatty acyls","Fatty alcohols","2-{2-[2-(2-hydroxyethoxy)ethoxy]ethoxy}ethan-1-ol",NA,NA,"C(COCCOCCOCCO)O",NA,NA,NA,NA,NA,NA,NA,"InChI=1S/C8H18O5/c9-1-3-11-5-7-13-8-6-12-4-2-10/h9-10H,1-8H2","UWHCKJMYHZGTIT"
"255_130.97_0.9",255,130.966697473154,0.89620256,0.0345849397243398,1.46111297688596,1.40046593503578,0.485906891693281,"Fatty acids","Fatty acyls","Aminoacids","Vinylphosphonous acid",NA,NA,"C=CP(O)O",NA,NA,NA,NA,NA,NA,NA,"InChI=1S/C2H5O2P/c1-2-5(3)4/h2-4H,1H2","AEYPURZOVCVRFN"
"2738_153.11_11.5",2738,153.113665055023,11.5406275,0.034931152714961,1.45678708257058,0.764380877987068,-0.387636407072112,"Alkaloids","Nicotinic acid alkaloids","Pyridine alkaloids","5,6,7,8-Tetrahydropyrido[3,4-d]pyrimidine",NA,"CCCCC(CC)CO","C1CNCC2=NC=NC=C21",NA,NA,NA,NA,"YIWUKEYIRIRTPP","InChI=1S/C8H18O/c1-3-5-6-8(4-2)7-9/h8-9H,3-7H2,1-2H3","YIWUKEYIRIRTPP-UHFFFAOYSA-N","InChI=1S/C7H9N3/c1-2-8-4-7-6(1)3-9-5-10-7/h3,5,8H,1-2,4H2","WGJUBVJZKNTGRC"
"2383_124.09_10.4",2383,124.088435501141,10.425658,0.0350994164048087,1.45470010445379,1.40294976704947,0.488463353843043,"Alkaloids","Nicotinic acid alkaloids","Halogenated fatty acids","1-(2-Fluoroethyl)urea",NA,NA,"C(CF)NC(=O)N",NA,NA,NA,NA,NA,NA,NA,"InChI=1S/C3H7FN2O/c4-1-2-6-3(5)7/h1-2H2,(H3,5,6,7)","SNHLRJSKPOPBPO"
"597_273.17_3.1",597,273.167577457222,3.1302965,0.0363339594759373,1.43968727252396,0.738667875879736,-0.437002257613472,"Fatty acids","Fatty Acids and Conjugates","Dicarboxylic acids","Bis(4-hydroxybutyl) adipate",NA,NA,"C(CCC(=O)OCCCCO)CC(=O)OCCCCO",NA,NA,NA,NA,NA,NA,NA,"InChI=1S/C14H26O6/c15-9-3-5-11-19-13(17)7-1-2-8-14(18)20-12-6-4-10-16/h15-16H,1-12H2","MIPAMDMBINCYQD"
"2031_600.42_8.8",2031,600.420247859824,8.839054,0.0365623755847386,1.43696559439811,0.603167125531329,-0.729370295467425,"Amino acids and Peptides","Oligopeptides","Cyclic peptides","H-Leu-Nle-Ser-Lys-Arg-al",NA,"CC(C)C[C@@H]1NC(=O)[C@H](Cc2ccccc2)NC(=O)[C@H](CC(C)C)NC(=O)[C@H](CC(C)C)NC(=O)[C@H](CC(C)C)NC1=O","CCCCC(C(=O)NC(CO)C(=O)NC(CCCCN)C(=O)NC(CCCN=C(N)N)C=O)NC(=O)C(CC(C)C)N",NA,NA,NA,NA,"RENOKKJLSNZWDC","InChI=1S/C33H53N5O5/c1-19(2)14-24-29(39)34-25(15-20(3)4)30(40)36-27(17-22(7)8)32(42)38-28(18-23-12-10-9-11-13-23)33(43)37-26(16-21(5)6)31(41)35-24/h9-13,19-22,24-28H,14-18H2,1-8H3,(H,34,39)(H,35,41)(H,36,40)(H,37,43)(H,38,42)/t24-,25-,26-,27-,28-/m0/s1","RENOKKJLSNZWDC-XLIKFSOKSA-N","InChI=1S/C27H53N9O6/c1-4-5-10-20(34-23(39)19(29)14-17(2)3)25(41)36-22(16-38)26(42)35-21(11-6-7-12-28)24(40)33-18(15-37)9-8-13-32-27(30)31/h15,17-22,38H,4-14,16,28-29H2,1-3H3,(H,33,40)(H,34,39)(H,35,42)(H,36,41)(H4,30,31,32)","STXFPWFXNPKHEK"
"837_213.15_4.5",837,213.146686423464,4.497272,0.0372393002780063,1.42899848795535,1.48534396226954,0.57079705573957,"Fatty acids","Fatty acyls","Fatty alcohols","Triisopropyl orthoformate",NA,NA,"CC(C)OC(OC(C)C)OC(C)C",NA,NA,NA,NA,"MAQZJHHAMPVRNS","nan","nan","InChI=1S/C10H22O3/c1-7(2)11-10(12-8(3)4)13-9(5)6/h7-10H,1-6H3","FPIVAWNGRDHRSQ"
"1939_650.38_8.6",1939,650.381191053735,8.629336,0.0373956682677129,1.42717870144611,0.758376083696564,-0.39901462705997,"Amino acids and Peptides","Oligopeptides","Depsipeptides","(2R,5S,6R)-5-[[(2S)-4-amino-2-(butylsulfonylmethyl)butanoyl]amino]-N-[(5S,8R)-1-amino-8-methyl-6,9,10-trioxoundecan-5-yl]-6-hydroxy-2-methyl-4-oxoheptanamide",NA,NA,"CCCCS(=O)(=O)CC(CCN)C(=O)NC(C(C)O)C(=O)CC(C)C(=O)NC(CCCCN)C(=O)CC(C)C(=O)C(=O)C",NA,NA,NA,NA,NA,NA,NA,"InChI=1S/C29H52N4O9S/c1-6-7-14-43(41,42)17-22(11-13-31)29(40)33-26(20(4)34)25(37)16-19(3)28(39)32-23(10-8-9-12-30)24(36)15-18(2)27(38)21(5)35/h18-20,22-23,26,34H,6-17,30-31H2,1-5H3,(H,32,39)(H,33,40)","KHSIBIJOAUSZTQ"
"1130_293.18_6",1130,293.176040893563,5.9988713,0.0381104117626493,1.41895635888251,0.758981415732435,-0.397863534357163,"Polyketides","Chromanes","Azaphilones","11-hydroperoxy-3,7,11-trimethyl-8-oxododeca-1,6,9-trien-3-yl acetate",NA,"C=C(C)[C@@H]1CC[C@]2(C)OC3=C(C[C@H]12)C(=O)[C@@H](O)C[C@@H]3OC","CC(=CCCC(C)(C=C)OC(=O)C)C(=O)C=CC(C)(C)OO",NA,NA,NA,NA,"OICVSQXUNLEFRY","InChI=1S/C17H24O4/c1-9(2)10-5-6-17(3)12(10)7-11-15(19)13(18)8-14(20-4)16(11)21-17/h10,12-14,18H,1,5-8H2,2-4H3/t10-,12+,13-,14-,17-/m0/s1","OICVSQXUNLEFRY-QWKMPEQISA-N","InChI=1S/C17H26O5/c1-7-17(6,21-14(3)18)11-8-9-13(2)15(19)10-12-16(4,5)22-20/h7,9-10,12,20H,1,8,11H2,2-6H3","BCZPLJUGHXOZHA"
"916_258.21_5",916,258.206912355809,4.9741216,0.0386874627242497,1.4124297520826,0.714201967803067,-0.485595985976244,"Fatty acids","Octadecanoids","Jasmonic acids","7-oxo-11E-Tetradecenoic acid",NA,"CC1NC(CCCCCCCC(=O)O)CCC1O","CCC=CCCCC(=O)CCCCCC(=O)O",NA,NA,NA,NA,"AZHYCXWIUXJIHK","InChI=1S/C14H27NO3/c1-11-13(16)10-9-12(15-11)7-5-3-2-4-6-8-14(17)18/h11-13,15-16H,2-10H2,1H3,(H,17,18)","AZHYCXWIUXJIHK-UHFFFAOYSA-N","InChI=1S/C14H24O3/c1-2-3-4-5-7-10-13(15)11-8-6-9-12-14(16)17/h3-4H,2,5-12H2,1H3,(H,16,17)","WPGZVCKWXQHYGF"
"322_212.15_1.5",322,212.149547215231,1.549728,0.0393179764267926,1.40540884204266,0.723157068671897,-0.467619062395053,"Fatty acids","Fatty acyls","Fatty alcohols","2-{2-[2-(2-hydroxyethoxy)ethoxy]ethoxy}ethan-1-ol",NA,NA,"C(COCCOCCOCCO)O",NA,NA,NA,NA,NA,NA,NA,"InChI=1S/C8H18O5/c9-1-3-11-5-7-13-8-6-12-4-2-10/h9-10H,1-8H2","UWHCKJMYHZGTIT"
"1470_267.17_7.2",1470,267.173417792976,7.249831,0.0398643274985941,1.39941555794998,1.34324581388567,0.425723342012428,"Fatty acids","Fatty esters","Wax monoesters","Okimelanolure","CCCCOP(=O)(OCCCC)OCCCC",NA,"CCCCCCCCCCCCOC(=O)C","InChI=1S/C12H27O4P/c1-4-7-10-14-17(13,15-11-8-5-2)16-12-9-6-3/h4-12H2,1-3H3",NA,"STCOOQWBFONSKY-UHFFFAOYSA-N","STCOOQWBFONSKY",NA,NA,NA,"InChI=1S/C14H28O2/c1-3-4-5-6-7-8-9-10-11-12-13-16-14(2)15/h3-13H2,1-2H3","VZWGRQBCURJOMT"
"1677_279.16_7.9",1677,279.160579170147,7.8857903,0.0404220266370249,1.39338191607524,1.28138359720328,0.35770242801301,"Polyketides","Cyclic polyketides","Simple phenolic acids","Dibutyl Phthalate","CCCCOC(=O)C1=CC=CC=C1C(=O)OCCCC",NA,"CCCCOC(=O)C1=CC=CC=C1C(=O)OCCCC","\"\"InChI=1S/C16H22O4/c1-3-5-11-19-15(17)13-9-7-8-10-14(13)16(18)20-12-6-4-2/h7-10H,3-6,11-12H2,1-2H3\"\"",NA,"DOIRQSBPFJWKBE-UHFFFAOYSA-N","DOIRQSBPFJWKBE",NA,NA,NA,"InChI=1S/C16H22O4/c1-3-5-11-19-15(17)13-9-7-8-10-14(13)16(18)20-12-6-4-2/h7-10H,3-6,11-12H2,1-2H3","DOIRQSBPFJWKBE"
"2631_130.15_11.3",2631,130.151673163432,11.258704,0.0405194528307385,1.39233642792665,0.770215711274998,-0.376665542581676,NA,NA,NA,NA,NA,NA,NA,NA,NA,NA,NA,NA,NA,NA,NA,NA
"1949_606.35_8.7",1949,606.354941853139,8.65308,0.0412251061239526,1.38483821769708,0.689526466622086,-0.536322166017411,"Amino acids and Peptides","Oligopeptides","Lipopeptides","5-(2-oxo-1,3,3a,4,6,6a-hexahydrothieno[3,4-d]imidazol-4-yl)-N-[2-[2-[2-[2-[3-oxo-3-(5-oxohexylamino)propoxy]ethoxy]ethoxy]ethoxy]ethyl]pentanamide",NA,NA,"CC(=O)CCCCNC(=O)CCOCCOCCOCCOCCNC(=O)CCCCC1C2C(CS1)NC(=O)N2",NA,NA,NA,NA,NA,NA,NA,"InChI=1S/C27H48N4O8S/c1-21(32)6-4-5-10-28-25(34)9-12-36-14-16-38-18-19-39-17-15-37-13-11-29-24(33)8-3-2-7-23-26-22(20-40-23)30-27(35)31-26/h22-23,26H,2-20H2,1H3,(H,28,34)(H,29,33)(H2,30,31,35)","MCYGHKFOLQGNGV"
"2166_468.43_9.5",2166,468.425742447012,9.546334,0.0413037835973335,1.38401016335136,1.3700990547928,0.454280200260517,NA,NA,NA,NA,NA,NA,NA,NA,NA,NA,NA,NA,NA,NA,NA,NA
"459_268.18_2.5",459,268.175755395116,2.4535725,0.0417254682918323,1.37959878046256,0.72195925909214,-0.47001066825153,"Fatty acids","Fatty Acids and Conjugates","Fatty alcohols",NA,NA,NA,"[CH2+]OCCOCCOCCOCCOCCO",NA,NA,NA,NA,NA,NA,NA,"InChI=1S/C11H23O6/c1-13-4-5-15-8-9-17-11-10-16-7-6-14-3-2-12/h12H,1-11H2/q+1","JYJAPLUTHURMHO"
"2209_172.12_9.8",2209,172.117539580204,9.79067,0.0420958945064612,1.37576025761164,0.756547148979311,-0.402498099056064,NA,NA,NA,NA,NA,NA,NA,NA,NA,NA,NA,NA,NA,NA,NA,NA
"1654_320.26_7.8",1654,320.2578037557,7.788838,0.042734449504516,1.3692218861518,0.721632268608657,-0.47066424310003,NA,NA,NA,NA,NA,NA,NA,NA,NA,NA,NA,NA,NA,NA,NA,NA
"198_257.89_0.6",198,257.893826393718,0.5759136,0.0429601198666756,1.36693451554493,1.30933540579064,0.388834712476397,"Alkaloids","Nicotinic acid alkaloids","Pyridine alkaloids","5-Bromo-3-chloropyridine-2-carboxylate",NA,NA,"C1=C(C=NC(=C1Cl)C(=O)O)Br",NA,NA,NA,NA,NA,NA,NA,"InChI=1S/C6H3BrClNO2/c7-3-1-4(8)5(6(10)11)9-2-3/h1-2H,(H,10,11)","KPHRXSNSIGEBSN"
"1878_195.12_8.5",1878,195.124070075793,8.512982,0.0430558476104747,1.36596785669587,0.644037812840582,-0.634782700342323,"Alkaloids","Nicotinic acid alkaloids","Quinazoline alkaloids","2-(1H-Benzimidazol-2-ylamino)ethanol",NA,"CCCCCCCCCC(=O)O","C1=CC=C2C(=C1)NC(=N2)NCCO",NA,NA,NA,NA,"GHVNFZFCNZKVNT","InChI=1S/C10H20O2/c1-2-3-4-5-6-7-8-9-10(11)12/h2-9H2,1H3,(H,11,12)","GHVNFZFCNZKVNT-UHFFFAOYSA-N","InChI=1S/C9H11N3O/c13-6-5-10-9-11-7-3-1-2-4-8(7)12-9/h1-4,13H,5-6H2,(H2,10,11,12)","FGPOQZOBPMSSAQ"
"2613_508.55_11.2",2613,508.54583141454,11.16786,0.0433607814892409,1.36290289913096,1.41666751239724,0.502501201798081,"Fatty acids","Fatty amides","N-acyl amines","1-(Dihexadecylamino)ethane-1,1-diol",NA,NA,"CCCCCCCCCCCCCCCCN(CCCCCCCCCCCCCCCC)C(C)(O)O",NA,NA,NA,NA,NA,NA,NA,"InChI=1S/C34H71NO2/c1-4-6-8-10-12-14-16-18-20-22-24-26-28-30-32-35(34(3,36)37)33-31-29-27-25-23-21-19-17-15-13-11-9-7-5-2/h36-37H,4-33H2,1-3H3","QRMZUTGMHDSGCH"
"2068_204.09_9",2068,204.08940444166,8.95023,0.0437793269030181,1.35873091989354,0.660800125652546,-0.597714133798455,"Fatty acids","Monoterpenoids","Thia fatty acids","2-[2-(Ethylsulfanylmethyl)phenyl]-1,3,2-dioxaborolane",NA,"CSCCCCCCCN=C=S","B1(OCCO1)C2=CC=CC=C2CSCC",NA,NA,NA,NA,"LDIRGNDMTOGVRB","InChI=1S/C9H17NS2/c1-12-8-6-4-2-3-5-7-10-9-11/h2-8H2,1H3","LDIRGNDMTOGVRB-UHFFFAOYSA-N","InChI=1S/C11H15BO2S/c1-2-15-9-10-5-3-4-6-11(10)12-13-7-8-14-12/h3-6H,2,7-9H2,1H3","HLNNURDRUOTZNU"
"2718_124.09_11.5",2718,124.087205953506,11.495075,0.0448082910860508,1.34864161904278,0.772949770868469,-0.371553429344548,"Alkaloids","Nicotinic acid alkaloids","Pyridine alkaloids","2-Vinylpyrimidine",NA,NA,"C=CC1=NC=CC=N1",NA,NA,NA,NA,NA,NA,NA,"InChI=1S/C6H6N2/c1-2-6-7-4-3-5-8-6/h2-5H,1H2","ZDHWTWWXCXEGIC"
"432_284.17_2.3",432,284.170555254164,2.3418016,0.0448929105817561,1.34782223668749,0.727453030950189,-0.45907399353691,"Fatty acids","Fatty Acids and Conjugates","Fatty alcohols","2,5,8,11,14-Pentaoxahexadecan-16-oic acid",NA,NA,"COCCOCCOCCOCCOCC(=O)O",NA,NA,NA,NA,NA,NA,NA,"InChI=1S/C11H22O7/c1-14-2-3-15-4-5-16-6-7-17-8-9-18-10-11(12)13/h2-10H2,1H3,(H,12,13)","DDTZAHIJJCRGFT"
"1145_267.2_6.1",1145,267.196918426291,6.0912347,0.04645603168616,1.33295789075638,0.759752064614863,-0.396399404632287,"Fatty acids","Octadecanoids","Jasmonic acids","11-(cyclopent-1-en-1-yl)-11-oxoundecanoic acid",NA,NA,"C1CC=C(C1)C(=O)CCCCCCCCCC(=O)O",NA,NA,NA,NA,"DMLQORHBBIHBPA","nan","nan","InChI=1S/C16H26O3/c17-15(14-10-8-9-11-14)12-6-4-2-1-3-5-7-13-16(18)19/h10H,1-9,11-13H2,(H,18,19)","BTRMYWIRJSMBSF"
"2698_907.53_11.4",2698,907.534310527087,11.442686,0.0464925463333269,1.33261666744932,1.31854961427412,0.398951857831634,"Polyketides","Naphthalenes","Bisnaphthalenes","1-[[4-[(2,5-Diethoxy-4-ethylphenyl)methyl]-2,5-diethoxyphenyl]methyl]-4-[[4-[(2,5-diethoxyphenyl)methyl]-2,5-diethoxyphenyl]methyl]-2,5-diethoxybenzene",NA,NA,"CCC1=CC(=C(C=C1OCC)CC2=CC(=C(C=C2OCC)CC3=C(C=C(C(=C3)OCC)CC4=C(C=C(C(=C4)OCC)CC5=C(C=CC(=C5)OCC)OCC)OCC)OCC)OCC)OCC",NA,NA,NA,NA,NA,NA,NA,"InChI=1S/C56H74O10/c1-12-38-30-50(60-16-5)41(31-49(38)59-15-4)26-42-34-54(64-20-9)45(35-53(42)63-19-8)28-46-37-55(65-21-10)44(36-56(46)66-22-11)27-43-33-51(61-17-6)40(32-52(43)62-18-7)25-39-29-47(57-13-2)23-24-48(39)58-14-3/h23-24,29-37H,12-22,25-28H2,1-11H3","KMKHAXKANKXXRU"
"6_139.98_0.3",6,139.982493500839,0.29572558,0.0471023134956069,1.32695776137002,0.763975182998765,-0.388402320430165,"Fatty acids","Small peptides","Aminoacids","Thiosulfuric acid (H2S2O3), S-(2-aminoethyl) ester",NA,NA,"C(CSS(=O)(=O)O)N",NA,NA,NA,NA,NA,NA,NA,"InChI=1S/C2H7NO3S2/c3-1-2-7-8(4,5)6/h1-3H2,(H,4,5,6)","MXTPRJXPLFGHEE"
"425_253.16_2.3",425,253.164830951242,2.30736,0.0472400201429528,1.32568992587708,0.730411904790128,-0.453217815269343,"Fatty acids","Fatty acyls","Fatty alcohols","2-(2-{2-[2-(2-Methoxy-ethoxy)-ethoxy]-ethoxy}-ethoxy)-ethanol",NA,NA,"COCCOCCOCCOCCOCCO",NA,NA,NA,NA,NA,NA,NA,"InChI=1S/C11H24O6/c1-13-4-5-15-8-9-17-11-10-16-7-6-14-3-2-12/h12H,2-11H2,1H3","SLNYBUIEAMRFSZ"
"2012_189.1_8.7",2012,189.095303942467,8.713231,0.047894296049113,1.31971620562301,1.32832366520713,0.409606722961221,"Fatty acids","Fatty Acids and Conjugates","Thia fatty acids","3-(3-Hydroxy-3-methylbutyl)sulfanylbutanoic acid",NA,"CC1(C)C=Cc2cc(C=O)ccc2O1","CC(CC(=O)O)SCCC(C)(C)O",NA,NA,NA,NA,"ZDSKIIMVDTYOLV","InChI=1S/C12H12O2/c1-12(2)6-5-10-7-9(8-13)3-4-11(10)14-12/h3-8H,1-2H3","ZDSKIIMVDTYOLV-UHFFFAOYSA-N","InChI=1S/C9H18O3S/c1-7(6-8(10)11)13-5-4-9(2,3)12/h7,12H,4-6H2,1-3H3,(H,10,11)","VNYMEKLVHGJYNI"
"2236_130.17_9.9",2236,130.168106294988,9.890626,0.0479107830308008,1.31956673118366,0.654275316377684,-0.612030251225963,NA,NA,NA,NA,NA,NA,NA,NA,NA,NA,NA,NA,NA,NA,NA,NA
"321_195.12_1.6",321,195.12295029722,1.5519419,0.0488258795105084,1.31134992493472,0.740159009040443,-0.434092855347038,"Fatty acids","Fatty acyls","Fatty alcohols","2-{2-[2-(2-hydroxyethoxy)ethoxy]ethoxy}ethan-1-ol",NA,NA,"C(COCCOCCOCCO)O",NA,NA,NA,NA,NA,NA,NA,"InChI=1S/C8H18O5/c9-1-3-11-5-7-13-8-6-12-4-2-10/h9-10H,1-8H2","UWHCKJMYHZGTIT"
"1160_235.13_6.2",1160,235.134192821476,6.1625633,0.0488636437532608,1.31101415089244,1.3628874548922,0.446666431568825,"Terpenoids","Sesquiterpenoids","Azaphilones","8-(acetyloxy)-2,6-dimethylocta-2,4,6-trien-1-yl acetate",NA,"CC1(C)CC23C4CCC1C2CC(=O)C3OC4=O","CC(=CC=CC(=CCOC(=O)C)C)COC(=O)C",NA,NA,NA,NA,"JKEIRRNWPSYSKM","InChI=1S/C14H18O3/c1-13(2)6-14-8-4-3-7(13)9(14)5-10(15)11(14)17-12(8)16/h7-9,11H,3-6H2,1-2H3","JKEIRRNWPSYSKM-UHFFFAOYSA-N","InChI=1S/C14H20O4/c1-11(8-9-17-13(3)15)6-5-7-12(2)10-18-14(4)16/h5-8H,9-10H2,1-4H3","XRUSDDHZPSXQTK"
"1703_280.27_7.9",1703,280.265112426276,7.942795,0.0495126708265241,1.3052836462006,0.760117376789491,-0.395705879177398,"Fatty acids","Fatty acyls","Fatty alcohols","1-(1-Fluorododecoxy)propan-1-ol","CCCCCCCC(O)CC(=O)NCCCCC","CCCCCC=CCC=CCCCCCCCC(N)=O","CCCCCCCCCCCC(OC(CC)O)F","\"\"InChI=1S/C15H31NO2/c1-3-5-7-8-9-11-14(17)13-15(18)16-12-10-6-4-2/h14,17H,3-13H2,1-2H3,(H,16,18)\"\"","\"\"InChI=1S/C15H31NO2/c1-3-5-7-8-9-11-14(17)13-15(18)16-12-10-6-4-2/h14,17H,3-13H2,1-2H3,(H,16,18) [M+Na]+\"\"","LYNMNEWOEMTDSX-UHFFFAOYSA-N","LYNMNEWOEMTDSX","SFIHQZFZMWZOJV","InChI=1S/C18H33NO/c1-2-3-4-5-6-7-8-9-10-11-12-13-14-15-16-17-18(19)20/h6-7,9-10H,2-5,8,11-17H2,1H3,(H2,19,20)","SFIHQZFZMWZOJV-UHFFFAOYSA-N","InChI=1S/C15H31FO2/c1-3-5-6-7-8-9-10-11-12-13-14(16)18-15(17)4-2/h14-15,17H,3-13H2,1-2H3","WWAUOPIVULMICN"
