"feature_id","feature_id_full","feature_id_full_annotated","feature_mz","feature_rt","Arabidopsis thaliana_vs_NA_p_value","Arabidopsis thaliana_vs_NA_p_value_minus_log10","Arabidopsis thaliana_vs_NA_fold_change","Arabidopsis thaliana_vs_NA_fold_change_log2","sirius_name","sirius_chebiasciiname","sirius_chebiid","sirius_confidencescoreapproximate","sirius_confidencescoreexact","sirius_csi_fingeridscore","sirius_siriusscore","sirius_zodiacscore","sirius_inchi","sirius_inchikey2d","sirius_molecularformula","sirius_adduct","sirius_smiles","canopus_npc_pathway","canopus_npc_class","canopus_npc_superclass","met_annot_structure_exact_mass","met_annot_structure_inchi","met_annot_structure_inchikey","met_annot_short_inchikey","met_annot_structure_smiles","met_annot_structure_molecular_formula","met_annot_structure_nametraditional","met_annot_structure_wikidata","met_annot_structure_taxonomy_npclassifier_01pathway","met_annot_structure_taxonomy_npclassifier_02superclass","met_annot_structure_taxonomy_npclassifier_01pathway_consensus","met_annot_structure_taxonomy_npclassifier_02superclass_consensus","met_annot_structure_taxonomy_npclassifier_03class_consensus","met_annot_organism_name","met_annot_organism_taxonomy_01domain","met_annot_organism_taxonomy_02kingdom","met_annot_organism_taxonomy_03phylum","met_annot_organism_taxonomy_04class","met_annot_organism_taxonomy_05order","met_annot_organism_taxonomy_06family","met_annot_organism_taxonomy_07tribe","met_annot_organism_taxonomy_08genus","met_annot_organism_taxonomy_09species","met_annot_organism_taxonomy_10varietas","met_annot_organism_taxonomy_ottid","met_annot_organism_wikidata","met_annot_score_taxo","Arabidopsis.thaliana","Arabidopsis.thaliana.pval","NA.","NA.pval","MeanDecreaseAccuracy","MeanDecreaseAccuracy.pval","MeanDecreaseGini","MeanDecreaseGini.pval"
6,"6_139.98_0.3","NA_[6_139.98_0.3]",139.982493500839,0.29572558,0.0471023134956069,1.32695776137002,0.763975182998765,-0.388402320430165,"Thiosulfuric acid (H2S2O3), S-(2-aminoethyl) ester",NA,NA,0.1,0.1,-63.861,8.582,1,"InChI=1S/C2H7NO3S2/c3-1-2-7-8(4,5)6/h1-3H2,(H,4,5,6)","MXTPRJXPLFGHEE","C2H7NO3S2","[M - H2O + H]+","C(CSS(=O)(=O)O)N","Fatty acids","Aminoacids","Small peptides",NA,NA,NA,NA,NA,NA,NA,NA,NA,NA,NA,NA,NA,NA,NA,NA,NA,NA,NA,NA,NA,NA,NA,NA,NA,NA,NA,0,0.692614770459082,0,0.750499001996008,0,0.674650698602794,0.0108,0.816367265469062
198,"198_257.89_0.6","NA_[198_257.89_0.6]",257.893826393718,0.5759136,0.0429601198666756,1.36693451554493,1.30933540579064,0.388834712476397,"5-Bromo-3-chloropyridine-2-carboxylate",NA,NA,0.12,0.124,-39.115,74.329,0.259,"InChI=1S/C6H3BrClNO2/c7-3-1-4(8)5(6(10)11)9-2-3/h1-2H,(H,10,11)","KPHRXSNSIGEBSN","C6H3BrClNO2","[M + Na]+","C1=C(C=NC(=C1Cl)C(=O)O)Br","Alkaloids","Pyridine alkaloids","Nicotinic acid alkaloids",NA,NA,NA,NA,NA,NA,NA,NA,NA,NA,NA,NA,NA,NA,NA,NA,NA,NA,NA,NA,NA,NA,NA,NA,NA,NA,NA,0,0.772455089820359,0,0.844311377245509,0,0.758483033932136,0.0416,0.269461077844311
243,"243_130.97_0.8","NA_[243_130.97_0.8]",130.966697611065,0.81640476,0.0236412702731975,1.62632919201164,1.42340619589915,0.509347420954968,"2,2-Dichloro-1,1-ethanediol",NA,NA,0.115,0.115,-74.246,8.764,0.997,"InChI=1S/C2H4Cl2O2/c3-1(4)2(5)6/h1-2,5-6H","RUUBIFVWPACNLY","C2H4Cl2O2","[M + H]+","C(C(Cl)Cl)(O)O","Fatty acids","Halogenated fatty acids","Fatty Acids and Conjugates",NA,NA,NA,NA,NA,NA,NA,NA,NA,NA,NA,NA,NA,NA,NA,NA,NA,NA,NA,NA,NA,NA,NA,NA,NA,NA,NA,1.61006778528067,0.0279441117764471,1.73727046020804,0.0199600798403194,1.67131567616219,0.0259481037924152,0.0788,0.0838323353293413
254,"254_139.98_0.9","NA_[254_139.98_0.9]",139.98249811165,0.88586825,0.0129625630257425,1.887309118999,1.40918268137205,0.494858649565018,"Thiosulfuric acid (H2S2O3), S-(2-aminoethyl) ester",NA,NA,0.085,0.085,-75.274,17.756,1,"InChI=1S/C2H7NO3S2/c3-1-2-7-8(4,5)6/h1-3H2,(H,4,5,6)","MXTPRJXPLFGHEE","C2H7NO3S2","[M - H2O + H]+","C(CSS(=O)(=O)O)N","Fatty acids","N-acyl amines","Fatty amides",NA,NA,NA,NA,NA,NA,NA,NA,NA,NA,NA,NA,NA,NA,NA,NA,NA,NA,NA,NA,NA,NA,NA,NA,NA,NA,NA,1.00100150250438,0.181636726546906,1.00100150250438,0.11377245508982,1.00100150250438,0.183632734530938,0.1072,0.0499001996007984
255,"255_130.97_0.9","4-(phosphonomethyl)-L-phenylalanine_[255_130.97_0.9]",130.966697473154,0.89620256,0.0345849397243398,1.46111297688596,1.40046593503578,0.485906891693281,"Vinylphosphonous acid","4-(phosphonomethyl)-L-phenylalanine","CHEBI:44916",0.098,0.098,-16.583,13.444,0.19,"InChI=1S/C2H5O2P/c1-2-5(3)4/h2-4H,1H2","AEYPURZOVCVRFN","C2H5O2P","[M + K]+","C=CP(O)O","Fatty acids","Aminoacids","Fatty acyls",NA,NA,NA,NA,NA,NA,NA,NA,NA,NA,NA,NA,NA,NA,NA,NA,NA,NA,NA,NA,NA,NA,NA,NA,NA,NA,NA,0,0.68063872255489,0,0.728542914171657,0,0.668662674650699,0.046,0.223552894211577
264,"264_158.96_1","NA_[264_158.96_1]",158.961631394773,0.97421575,0.00803511575430028,2.09500786238642,1.41840476622435,0.504269289203634,NA,NA,NA,NA,NA,NA,NA,NA,NA,NA,NA,NA,NA,NA,NA,NA,NA,NA,NA,NA,NA,NA,NA,NA,NA,NA,NA,NA,NA,NA,NA,NA,NA,NA,NA,NA,NA,NA,NA,NA,NA,NA,NA,1.80586049744792,0.0219560878243513,2.00804832225625,0.0239520958083832,1.91656175364897,0.0219560878243513,0.0792,0.063872255489022
267,"267_139.98_1","NA_[267_139.98_1]",139.982533749196,1.0098361,0.0270535909954603,1.56777508005819,1.34145513624963,0.423798805778087,"Thiosulfuric acid (H2S2O3), S-(2-aminoethyl) ester",NA,NA,0.204,0.204,-42.019,17.695,1,"InChI=1S/C2H7NO3S2/c3-1-2-7-8(4,5)6/h1-3H2,(H,4,5,6)","MXTPRJXPLFGHEE","C2H7NO3S2","[M - H2O + H]+","C(CSS(=O)(=O)O)N","Fatty acids","Aminoacids","Small peptides",NA,NA,NA,NA,NA,NA,NA,NA,NA,NA,NA,NA,NA,NA,NA,NA,NA,NA,NA,NA,NA,NA,NA,NA,NA,NA,NA,1.00100150250438,0.167664670658683,1.00100150250438,0.111776447105788,1.00100150250438,0.163672654690619,0.0736,0.101796407185629
269,"269_186.96_1","NA_[269_186.96_1]",186.956558125705,1.016599,0.0109857798643897,1.95916910772124,1.41305896843615,0.498821672108711,NA,NA,NA,NA,NA,NA,NA,NA,NA,NA,NA,NA,NA,NA,NA,NA,NA,NA,NA,NA,NA,NA,NA,NA,NA,NA,NA,NA,NA,NA,NA,NA,NA,NA,NA,NA,NA,NA,NA,NA,NA,NA,NA,1.75142361026015,0.0499001996007984,2.00804832225625,0.0499001996007984,1.89151967428218,0.0499001996007984,0.0804,0.101796407185629
321,"321_195.12_1.6","NA_[321_195.12_1.6]",195.12295029722,1.5519419,0.0488258795105084,1.31134992493472,0.740159009040443,-0.434092855347038,"2-{2-[2-(2-hydroxyethoxy)ethoxy]ethoxy}ethan-1-ol",NA,NA,0.736,0.736,-4.517,46.176,1,"InChI=1S/C8H18O5/c9-1-3-11-5-7-13-8-6-12-4-2-10/h9-10H,1-8H2","UWHCKJMYHZGTIT","C8H18O5","[M + H]+","C(COCCOCCOCCO)O","Fatty acids","Fatty alcohols","Fatty acyls",NA,NA,NA,NA,NA,NA,NA,NA,NA,NA,NA,NA,NA,NA,NA,NA,NA,NA,NA,NA,NA,NA,NA,NA,NA,NA,NA,1.00100150250438,0.199600798403194,1.00100150250438,0.129740518962076,1.00100150250438,0.209580838323353,0.0204,0.475049900199601
322,"322_212.15_1.5","NA_[322_212.15_1.5]",212.149547215231,1.549728,0.0393179764267926,1.40540884204266,0.723157068671897,-0.467619062395053,"2-{2-[2-(2-hydroxyethoxy)ethoxy]ethoxy}ethan-1-ol",NA,NA,0.665,0.665,-11.961,53.959,1,"InChI=1S/C8H18O5/c9-1-3-11-5-7-13-8-6-12-4-2-10/h9-10H,1-8H2","UWHCKJMYHZGTIT","C8H18O5","[M + H3N + H]+","C(COCCOCCOCCO)O","Fatty acids","Fatty alcohols","Fatty acyls",NA,NA,NA,NA,NA,NA,NA,NA,NA,NA,NA,NA,NA,NA,NA,NA,NA,NA,NA,NA,NA,NA,NA,NA,NA,NA,NA,0,0.760479041916168,0,0.828343313373254,0,0.750499001996008,0.0596,0.127744510978044
324,"324_177.11_1.5","NA_[324_177.11_1.5]",177.112501046516,1.5422238,0.0337090604774459,1.47225335175512,0.718212977891992,-0.477516372584797,"2-{2-[2-(2-hydroxyethoxy)ethoxy]ethoxy}ethan-1-ol",NA,NA,0.671,0.671,-16.053,38.297,1,"InChI=1S/C8H18O5/c9-1-3-11-5-7-13-8-6-12-4-2-10/h9-10H,1-8H2","UWHCKJMYHZGTIT","C8H18O5","[M - H2O + H]+","C(COCCOCCOCCO)O","Fatty acids","Fatty alcohols","Fatty acyls",NA,NA,NA,NA,NA,NA,NA,NA,NA,NA,NA,NA,NA,NA,NA,NA,NA,NA,NA,NA,NA,NA,NA,NA,NA,NA,NA,1.37457856297529,0.063872255489022,1.41705050316284,0.0578842315369262,1.38942503594182,0.0658682634730539,0.0228,0.457085828343313
325,"325_133.09_1.5","NA_[325_133.09_1.5]",133.086203290642,1.5427773,0.026193124962393,1.58181268511953,0.720932717998162,-0.472063470566514,"(2R,5R)-hexane-1,2,5,6-tetrol",NA,NA,0.093,0.093,-51.585,17.905,1,"InChI=1S/C6H14O4/c7-3-5(9)1-2-6(10)4-8/h5-10H,1-4H2","AMXRXGOSEWMPEF","C6H14O4","[M - H2O + H]+","C(CC(CO)O)C(CO)O","Fatty acids","Fatty alcohols","Fatty acyls",NA,NA,NA,NA,NA,NA,NA,NA,NA,NA,NA,NA,NA,NA,NA,NA,NA,NA,NA,NA,NA,NA,NA,NA,NA,NA,NA,0,0.768463073852295,0,0.81437125748503,0,0.7624750499002,0.0484,0.173652694610778
326,"326_217.11_1.5","NA_[326_217.11_1.5]",217.10566863085,1.5496017,0.033090932384035,1.48029099580368,0.72863493836424,-0.456731920289339,"2-[2-[(Z)-2-[(E)-2-(2-hydroxyethoxy)ethenoxy]ethenoxy]ethoxy]ethanol",NA,NA,0.092,0.092,-41.849,22.219,0.923,"InChI=1S/C10H18O6/c11-1-3-13-5-7-15-9-10-16-8-6-14-4-2-12/h5,7,9-12H,1-4,6,8H2","GSQGAKZWEZKCHM","C10H18O6","[M - H2O + H]+","C(COCCOC=COC=COCCO)O","Fatty acids","Fatty alcohols","Fatty Acids and Conjugates",NA,NA,NA,NA,NA,NA,NA,NA,NA,NA,NA,NA,NA,NA,NA,NA,NA,NA,NA,NA,NA,NA,NA,NA,NA,NA,NA,1.00100150250438,0.159680638722555,1.00100150250438,0.103792415169661,1.00100150250438,0.161676646706587,0.0316,0.331337325349301
328,"328_233.08_1.5","NA_[328_233.08_1.5]",233.078682202924,1.5471708,0.014444285756959,1.84030392834249,0.716147721389163,-0.481670888774902,"Serine glutamate",NA,NA,0.17,0.17,-180.713,53.057,0.98,"InChI=1S/C8H14N2O7/c9-4(1-2-6(12)13)7(14)16-17-8(15)5(10)3-11/h4-5,11H,1-3,9-10H2,(H,12,13)","YFLQCMTWKKHGNE","C8H14N2O7","[M - H2O + H]+","C(CC(=O)O)C(C(=O)OOC(=O)C(CO)N)N","Carbohydrates","Aminosugars","Aminosugars and aminoglycosides",NA,NA,NA,NA,NA,NA,NA,NA,NA,NA,NA,NA,NA,NA,NA,NA,NA,NA,NA,NA,NA,NA,NA,NA,NA,NA,NA,0,0.718562874251497,0,0.774451097804391,0,0.710578842315369,0.0616,0.11377245508982
336,"336_195.12_1.6","NA_[336_195.12_1.6]",195.122955665283,1.5545748,0.0264515974149087,1.57754809574479,0.727484114538342,-0.459012349446473,"2-{2-[2-(2-hydroxyethoxy)ethoxy]ethoxy}ethan-1-ol",NA,NA,0.736,0.736,-8.551,41.48,1,"InChI=1S/C8H18O5/c9-1-3-11-5-7-13-8-6-12-4-2-10/h9-10H,1-8H2","UWHCKJMYHZGTIT","C8H18O5","[M + H]+","C(COCCOCCOCCO)O","Fatty acids","Fatty alcohols","Fatty acyls",NA,NA,NA,NA,NA,NA,NA,NA,NA,NA,NA,NA,NA,NA,NA,NA,NA,NA,NA,NA,NA,NA,NA,NA,NA,NA,NA,1.00100150250438,0.183632734530938,1.00100150250438,0.115768463073852,1.00100150250438,0.189620758483034,0.0324,0.313373253493014
337,"337_212.15_1.6","NA_[337_212.15_1.6]",212.149539799956,1.5545748,0.0275406926709209,1.5600251410807,0.719935363456609,-0.474060709174861,"2-{2-[2-(2-hydroxyethoxy)ethoxy]ethoxy}ethan-1-ol",NA,NA,0.643,0.643,-19.627,61.421,1,"InChI=1S/C8H18O5/c9-1-3-11-5-7-13-8-6-12-4-2-10/h9-10H,1-8H2","UWHCKJMYHZGTIT","C8H18O5","[M + H3N + H]+","C(COCCOCCOCCO)O","Fatty acids","Fatty alcohols","Fatty acyls",NA,NA,NA,NA,NA,NA,NA,NA,NA,NA,NA,NA,NA,NA,NA,NA,NA,NA,NA,NA,NA,NA,NA,NA,NA,NA,NA,0,0.768463073852295,0,0.800399201596806,0,0.756487025948104,0.0356,0.277445109780439
387,"387_226.17_2","2,2-dimethyl-3,6,9,12,15-pentaoxa-2-silahexadecane_[387_226.17_2]",226.165182496935,2.0499492,0.012883660579967,1.88996072518959,0.654947246453389,-0.610549387237399,"2,5,8,11-tetraoxatridecan-13-ol","2,2-dimethyl-3,6,9,12,15-pentaoxa-2-silahexadecane","CHEBI:88172",0.093,0.093,-76.938,40.438,1,"InChI=1S/C9H20O5/c1-11-4-5-13-8-9-14-7-6-12-3-2-10/h10H,2-9H2,1H3","ZNYRFEPBTVGZDN","C9H20O5","[M + H3N + H]+","COCCOCCOCCOCCO","Fatty acids","Fatty alcohols","Fatty acyls",NA,NA,NA,NA,NA,NA,NA,NA,NA,NA,NA,NA,NA,NA,NA,NA,NA,NA,NA,NA,NA,NA,NA,NA,NA,NA,NA,1.41705050316284,0.0578842315369262,1.41705050316284,0.063872255489022,1.41705050316284,0.0578842315369262,0.028,0.399201596806387
388,"388_209.14_2.1","2,2-dimethyl-3,6,9,12,15-pentaoxa-2-silahexadecane_[388_209.14_2.1]",209.138633973512,2.0542126,0.0125807347308862,1.90029399480079,0.669554785641253,-0.578725987449475,"2,5,8,11-tetraoxatridecan-13-ol","2,2-dimethyl-3,6,9,12,15-pentaoxa-2-silahexadecane","CHEBI:88172",0.698,0.698,-8.765,69.713,1,"InChI=1S/C9H20O5/c1-11-4-5-13-8-9-14-7-6-12-3-2-10/h10H,2-9H2,1H3","ZNYRFEPBTVGZDN","C9H20O5","[M + H]+","COCCOCCOCCOCCO","Fatty acids","Fatty alcohols","Fatty acyls",NA,NA,NA,NA,NA,NA,NA,NA,NA,NA,NA,NA,NA,NA,NA,NA,NA,NA,NA,NA,NA,NA,NA,NA,NA,NA,NA,1.00100150250438,0.171656686626747,1.00100150250438,0.119760479041916,1.00100150250438,0.165668662674651,0.0164,0.63872255489022
411,"411_371.27_2.3","NA_[411_371.27_2.3]",371.265493691005,2.2615235,0.0278467898623067,1.55522486244504,1.39839181276525,0.483768643356788,"2-[3-ethyl-1-(morpholine-4-carbonyl)piperidin-4-yl]-1-(morpholin-4-yl)ethan-1-one",NA,NA,0.083,0.083,-257.573,73.818,0.156,"InChI=1S/C18H31N3O4/c1-2-15-14-21(18(23)20-7-11-25-12-8-20)4-3-16(15)13-17(22)19-5-9-24-10-6-19/h15-16H,2-14H2,1H3","XBDZGJKMACLZGU","C18H31N3O4","[M + H3N + H]+","CCC1CN(CCC1CC(=O)N2CCOCC2)C(=O)N3CCOCC3","Amino acids and Peptides","Dipeptides","Small peptides","370.250794948","InChI=1S/C24H34O3/c1-2-3-4-5-6-7-8-9-10-11-12-13-14-15-16-18-21-19-17-20-22(25)23(21)24(26)27/h5-6,8-9,11-12,17,19-20,25H,2-4,7,10,13-16,18H2,1H3,(H,26,27)","XHGATLCYJAUBJV-UHFFFAOYSA-N","XHGATLCYJAUBJV","CCCCC=CCC=CCC=CCCCCCc1cccc(O)c1C(=O)O","C24H34O3","2-Heptadeca-6,9,12-trienyl-6-hydroxybenzoic acid","http://www.wikidata.org/entity/Q110193748","Polyketides","Aromatic polyketides","Polyketides","Aromatic polyketides","Catechols with side chains","Homalomena occulta","['Eukaryota']","['Archaeplastida']","['Streptophyta']","['Magnoliopsida']","['Alismatales']","['Araceae']","['Philodendreae']","['Homalomena']","['Homalomena occulta']","nan","77535.0","http://www.wikidata.org/entity/Q6851075",0,0,0.766467065868264,0,0.816367265469062,0,0.744510978043912,0.0312,0.403193612774451
425,"425_253.16_2.3","NA_[425_253.16_2.3]",253.164830951242,2.30736,0.0472400201429528,1.32568992587708,0.730411904790128,-0.453217815269343,"2-(2-{2-[2-(2-Methoxy-ethoxy)-ethoxy]-ethoxy}-ethoxy)-ethanol",NA,NA,0.544,0.523,-12.695,64.382,1,"InChI=1S/C11H24O6/c1-13-4-5-15-8-9-17-11-10-16-7-6-14-3-2-12/h12H,2-11H2,1H3","SLNYBUIEAMRFSZ","C11H24O6","[M + H]+","COCCOCCOCCOCCOCCO","Fatty acids","Fatty alcohols","Fatty acyls",NA,NA,NA,NA,NA,NA,NA,NA,NA,NA,NA,NA,NA,NA,NA,NA,NA,NA,NA,NA,NA,NA,NA,NA,NA,NA,NA,0,0.74251497005988,0,0.780439121756487,0,0.714570858283433,0.0128,0.736526946107784
431,"431_470.37_2.3","NA_[431_470.37_2.3]",470.370824110273,2.3146868,0.0281318567683536,1.55080160243708,1.41740729250901,0.503254376782028,NA,NA,NA,0.154,0.154,-284.843,19.814,1,"InChI=1S/C23H48O8/c1-16(24)6-3-7-19(27)13-20(28)9-5-11-22(30)15-23(31)14-21(29)10-4-8-18(26)12-17(2)25/h16-31H,3-15H2,1-2H3","JLTZPFHFOCOCED","C23H48O8","[M + H3N + H]+","CC(CCCC(CC(CCCC(CC(CC(CCCC(CC(C)O)O)O)O)O)O)O)O","Fatty acids","Fatty alcohols","Fatty acyls",NA,NA,NA,NA,NA,NA,NA,NA,NA,NA,NA,NA,NA,NA,NA,NA,NA,NA,NA,NA,NA,NA,NA,NA,NA,NA,NA,0,0.692614770459082,0,0.74251497005988,0,0.678642714570858,0.0364,0.36127744510978
432,"432_284.17_2.3","NA_[432_284.17_2.3]",284.170555254164,2.3418016,0.0448929105817561,1.34782223668749,0.727453030950189,-0.45907399353691,"2,5,8,11,14-Pentaoxahexadecan-16-oic acid",NA,NA,0.137,0.137,-45.905,91.46,1,"InChI=1S/C11H22O7/c1-14-2-3-15-4-5-16-6-7-17-8-9-18-10-11(12)13/h2-10H2,1H3,(H,12,13)","DDTZAHIJJCRGFT","C11H22O7","[M + H3N + H]+","COCCOCCOCCOCCOCC(=O)O","Fatty acids","Fatty alcohols","Fatty Acids and Conjugates",NA,NA,NA,NA,NA,NA,NA,NA,NA,NA,NA,NA,NA,NA,NA,NA,NA,NA,NA,NA,NA,NA,NA,NA,NA,NA,NA,0,0.710578842315369,0,0.772455089820359,0,0.694610778443114,0.02,0.604790419161677
458,"458_324.23_2.4","NA_[458_324.23_2.4]",324.228503659493,2.44969,0.0141863751181103,1.84812856066037,0.728554371381784,-0.456891451498343,"Barbituric acid, 1,3-dicyclohexyl-5-methyl-",NA,NA,0.081,0.081,-218.498,58.599,0.99,"InChI=1S/C17H26N2O3/c1-12-15(20)18(13-8-4-2-5-9-13)17(22)19(16(12)21)14-10-6-3-7-11-14/h12-14H,2-11H2,1H3","ILCHAUPJKKIXPX","C17H26N2O3","[M + H3N + H]+","CC1C(=O)N(C(=O)N(C1=O)C2CCCCC2)C3CCCCC3","Alkaloids","Piperidine alkaloids","Lysine alkaloids","323.220891788","InChI=1S/C17H29N3O3/c1-4-11(2)15(19-3)16(21)20-14(17(22)23)10-7-12-5-8-13(18)9-6-12/h5-6,8-9,11-15,19H,4,7,10,18H2,1-3H3,(H,20,21)(H,22,23)","ATAHFPOIIFBWFN-UHFFFAOYSA-N","ATAHFPOIIFBWFN","CCC(C)C(NC)C(=O)NC(CCC1C=CC(N)C=C1)C(=O)O","C17H29N3O3","Stravidin","http://www.wikidata.org/entity/Q82921572","Amino acids and Peptides","Small peptides","Amino acids and Peptides","Small peptides","Dipeptides","Streptomyces venezuelae","['Bacteria']","['Unknown']","['Actinobacteria']","['Unknown']","['Streptomycetales']","['Streptomycetaceae']","['Unknown']","['Streptomyces']","['Streptomyces venezuelae']","nan","906605.0","http://www.wikidata.org/entity/Q7623398",0,0,0.646706586826347,0,0.728542914171657,0,0.636726546906188,0.0404,0.333333333333333
459,"459_268.18_2.5","NA_[459_268.18_2.5]",268.175755395116,2.4535725,0.0417254682918323,1.37959878046256,0.72195925909214,-0.47001066825153,NA,NA,NA,0.553,0.481,-9.968,106.106,1,"InChI=1S/C11H23O6/c1-13-4-5-15-8-9-17-11-10-16-7-6-14-3-2-12/h12H,1-11H2/q+1","JYJAPLUTHURMHO","C11H22O6","[M + H3N + H]+","[CH2+]OCCOCCOCCOCCOCCO","Fatty acids","Fatty alcohols","Fatty Acids and Conjugates",NA,NA,NA,NA,NA,NA,NA,NA,NA,NA,NA,NA,NA,NA,NA,NA,NA,NA,NA,NA,NA,NA,NA,NA,NA,NA,NA,0,0.714570858283433,0,0.760479041916168,0,0.70059880239521,0.0276,0.385229540918164
488,"488_163_2.6","NA_[488_163_2.6]",162.998525189004,2.597763,0.0239786354980113,1.62017553402052,1.33449882545423,0.416298035706851,"(Carboxyamino)oxycarbonyloxycarbamic acid",NA,NA,0.037,0.037,-91.218,3.889,0.6,"InChI=1S/C3H4N2O7/c6-1(7)4-11-3(10)12-5-2(8)9/h4-5H,(H,6,7)(H,8,9)","BBWGTDKZWVEREK","C3H4N2O7","[M - H2O + H]+","C(=O)(NOC(=O)ONC(=O)O)O","Fatty acids","Halogenated fatty acids","Fatty Acids and Conjugates",NA,NA,NA,NA,NA,NA,NA,NA,NA,NA,NA,NA,NA,NA,NA,NA,NA,NA,NA,NA,NA,NA,NA,NA,NA,NA,NA,1.00100150250438,0.157684630738523,1.00100150250438,0.0758483033932136,1.00100150250438,0.159680638722555,0.0796,0.0538922155688623
597,"597_273.17_3.1","NA_[597_273.17_3.1]",273.167577457222,3.1302965,0.0363339594759373,1.43968727252396,0.738667875879736,-0.437002257613472,"Bis(4-hydroxybutyl) adipate",NA,NA,0.017,0.017,-223.224,9.566,1,"InChI=1S/C14H26O6/c15-9-3-5-11-19-13(17)7-1-2-8-14(18)20-12-6-4-10-16/h15-16H,1-12H2","MIPAMDMBINCYQD","C14H26O6","[M - H2O + H]+","C(CCC(=O)OCCCCO)CC(=O)OCCCCO","Fatty acids","Dicarboxylic acids","Fatty Acids and Conjugates",NA,NA,NA,NA,NA,NA,NA,NA,NA,NA,NA,NA,NA,NA,NA,NA,NA,NA,NA,NA,NA,NA,NA,NA,NA,NA,NA,1.72300386905937,0.0439121756487026,1.73727046020804,0.0499001996007984,1.72842140580061,0.0459081836327345,0.0332,0.369261477045908
618,"618_186.15_3.2","NA_[618_186.15_3.2]",186.149328559216,3.2347343,0.0102826609623748,1.98789448342112,0.710091625705684,-0.493922902069346,"p-Mentha-1(7),8-dien-10-yl hydroperoxide",NA,NA,0.019,0.019,-98.094,178.243,1,"InChI=1S/C10H16O2/c1-8-3-5-10(6-4-8)9(2)7-12-11/h10-11H,1-7H2","IDHJELSAQZNLMQ","C10H16O2","[M + H3N + H]+","C=C1CCC(CC1)C(=C)COO","Fatty acids","Unsaturated fatty acids","Fatty Acids and Conjugates","326.318480584","InChI=1S/C21H42O2/c1-3-4-5-6-7-8-9-10-11-12-13-14-15-16-17-18-19-20-21(22)23-2/h3-20H2,1-2H3","QGBRLVONZXHAKJ-UHFFFAOYSA-N","QGBRLVONZXHAKJ","CCCCCCCCCCCCCCCCCCCC(=O)OC","C21H42O2","Methyl arachidate","http://www.wikidata.org/entity/Q63398929","Fatty acids","Fatty esters","Fatty acids","Monoterpenoids","Wax monoesters","Lepidium meyenii","['Eukaryota']","['Archaeplastida']","['Streptophyta']","['Magnoliopsida']","['Brassicales']","['Brassicaceae']","['Lepidieae']","['Lepidium']","['Lepidium meyenii']","nan","681784.0","http://www.wikidata.org/entity/Q795158",6,1.00100150250438,0.155688622754491,1.00100150250438,0.103792415169661,1.00100150250438,0.159680638722555,0.0208,0.592814371257485
755,"755_283.19_3.9","NA_[755_283.19_3.9]",283.190641488769,3.9357197,0.0113056051032732,1.94670618820763,1.47854883427019,0.564181894317851,"3,8-Decanediol diacrylate",NA,NA,0.038,0.038,-104.127,257.974,1,"InChI=1S/C16H26O4/c1-5-13(19-15(17)7-3)11-9-10-12-14(6-2)20-16(18)8-4/h7-8,13-14H,3-6,9-12H2,1-2H3","IOJUBXINUGTEJC","C16H26O4","[M + H]+","CCC(CCCCC(CC)OC(=O)C=C)OC(=O)C=C","Fatty acids","Phytoprostanes","Octadecanoids","nan","nan","nan","BAUUAFSTHVMWIR",NA,"nan","nan","nan","nan","nan","nan","nan","nan","nan","['Unknown']","['Unknown']","['Unknown']","['Unknown']","['Unknown']","['Unknown']","['Unknown']","['Unknown']","['Unknown']","nan","nan","nan",0,1.00100150250438,0.215568862275449,1.00100150250438,0.131736526946108,1.00100150250438,0.213572854291417,0.0808,0.0538922155688623
790,"790_200.16_4.1","6-methyl-dodecanedioic acid_[790_200.16_4.1]",200.164932092477,4.1434407,0.0304644851221876,1.51620615745359,0.652664089086351,-0.615587433434832,"6-Undecynoic acid","6-methyl-dodecanedioic acid","CHEBI:179526",0.17,0.17,-119.897,149.493,1,"InChI=1S/C11H18O2/c1-2-3-4-5-6-7-8-9-10-11(12)13/h2-4,7-10H2,1H3,(H,12,13)","SZFIUICARVYPTH","C11H18O2","[M + H3N + H]+","CCCCC#CCCCCC(=O)O","Fatty acids","Unsaturated fatty acids","Fatty Acids and Conjugates",NA,NA,NA,NA,NA,NA,NA,NA,NA,NA,NA,NA,NA,NA,NA,NA,NA,NA,NA,NA,NA,NA,NA,NA,NA,NA,NA,1.00100150250438,0.181636726546906,1.00100150250438,0.143712574850299,1.00100150250438,0.179640718562874,0.0304,0.419161676646707
837,"837_213.15_4.5","NA_[837_213.15_4.5]",213.146686423464,4.497272,0.0372393002780063,1.42899848795535,1.48534396226954,0.57079705573957,"Triisopropyl orthoformate",NA,NA,0.013,0.013,-112.961,10.056,0.985,"InChI=1S/C10H22O3/c1-7(2)11-10(12-8(3)4)13-9(5)6/h7-10H,1-6H3","FPIVAWNGRDHRSQ","C10H22O3","[M + Na]+","CC(C)OC(OC(C)C)OC(C)C","Fatty acids","Fatty alcohols","Fatty acyls","nan","nan","nan","MAQZJHHAMPVRNS",NA,"nan","nan","nan","nan","nan","nan","nan","nan","nan","['Unknown']","['Unknown']","['Unknown']","['Unknown']","['Unknown']","['Unknown']","['Unknown']","['Unknown']","['Unknown']","nan","nan","nan",0,0,0.67065868263473,0,0.766467065868264,0,0.668662674650699,0.0204,0.590818363273453
864,"864_139.98_4.6","NA_[864_139.98_4.6]",139.982769240691,4.6405625,0.0302945182056174,1.51863594999385,0.753306068149417,-0.408691944086183,"Thiosulfuric acid (H2S2O3), S-(2-aminoethyl) ester",NA,NA,0.207,0.207,-39.319,11.445,1,"InChI=1S/C2H7NO3S2/c3-1-2-7-8(4,5)6/h1-3H2,(H,4,5,6)","MXTPRJXPLFGHEE","C2H7NO3S2","[M - H2O + H]+","C(CSS(=O)(=O)O)N","Fatty acids","Aminoacids","Small peptides",NA,NA,NA,NA,NA,NA,NA,NA,NA,NA,NA,NA,NA,NA,NA,NA,NA,NA,NA,NA,NA,NA,NA,NA,NA,NA,NA,0,0.640718562874252,0,0.712574850299401,0,0.624750499001996,0.0064,0.914171656686627
894,"894_163_4.8","NA_[894_163_4.8]",162.998545433844,4.834072,0.0149754092853215,1.82462129929407,0.734330941321381,-0.445497705114137,"Acetamide, 2,2'-dithiodi-",NA,NA,0.042,0.042,-142.069,5.582,1,"InChI=1S/C4H8N2O2S2/c5-3(7)1-9-10-2-4(6)8/h1-2H2,(H2,5,7)(H2,6,8)","WFVWTLVPOUCKBR","C4H8N2O2S2","[M - H2O + H]+","C(C(=O)N)SSCC(=O)N","Amino acids and Peptides","Cyclamides","Oligopeptides","118.026608672|118.026608672","InChI=1S/C4H6O4/c5-3(6)1-2-4(7)8/h1-2H2,(H,5,6)(H,7,8)|InChI=1S/C4H6O4/c1-2(3(5)6)4(7)8/h2H,1H3,(H,5,6)(H,7,8)","KDYFGRWQOYBRFD-UHFFFAOYSA-N|ZIYVHBGGAOATLY-UHFFFAOYSA-N","KDYFGRWQOYBRFD|ZIYVHBGGAOATLY","O=C(O)CCC(=O)O|CC(C(=O)O)C(=O)O","C4H6O4|C4H6O4","Butanedioate;hydron|Methylmalonic acid","http://www.wikidata.org/entity/Q213050|http://www.wikidata.org/entity/Q239598","Fatty acids|Fatty acids","Fatty Acids and Conjugates|Fatty Acids and Conjugates","Fatty acids","Fatty Acids and Conjugates","Dicarboxylic acids","Arabidopsis thaliana|Arabidopsis thaliana","['Eukaryota']|['Eukaryota']","['Archaeplastida']|['Archaeplastida']","['Streptophyta']|['Streptophyta']","['Magnoliopsida']|['Magnoliopsida']","['Brassicales']|['Brassicales']","['Brassicaceae']|['Brassicaceae']","['Camelineae']|['Camelineae']","['Arabidopsis']|['Arabidopsis']","['Arabidopsis thaliana']|['Arabidopsis thaliana']","nan|nan","309263.0|309263.0","http://www.wikidata.org/entity/Q158695|http://www.wikidata.org/entity/Q158695",NA,1.00100150250438,0.213572854291417,1.00100150250438,0.117764471057884,1.00100150250438,0.205588822355289,0.066,0.119760479041916
916,"916_258.21_5","NA_[916_258.21_5]",258.206912355809,4.9741216,0.0386874627242497,1.4124297520826,0.714201967803067,-0.485595985976244,"7-oxo-11E-Tetradecenoic acid",NA,NA,0.194,0.194,-173.899,149.399,1,"InChI=1S/C14H24O3/c1-2-3-4-5-7-10-13(15)11-8-6-9-12-14(16)17/h3-4H,2,5-12H2,1H3,(H,16,17)","WPGZVCKWXQHYGF","C14H24O3","[M + H3N + H]+","CCC=CCCCC(=O)CCCCCC(=O)O","Fatty acids","Jasmonic acids","Octadecanoids","257.199093724","InChI=1S/C14H27NO3/c1-11-13(16)10-9-12(15-11)7-5-3-2-4-6-8-14(17)18/h11-13,15-16H,2-10H2,1H3,(H,17,18)","AZHYCXWIUXJIHK-UHFFFAOYSA-N","AZHYCXWIUXJIHK","CC1NC(CCCCCCCC(=O)O)CCC1O","C14H27NO3","Carpamsaure","http://www.wikidata.org/entity/Q115947555","Alkaloids","Lysine alkaloids","nan","nan","nan","Carica papaya","['Eukaryota']","['Archaeplastida']","['Streptophyta']","['Magnoliopsida']","['Brassicales']","['Caricaceae']","['Unknown']","['Carica']","['Carica papaya']","nan","429474.0","http://www.wikidata.org/entity/Q34887",0,0,0.724550898203593,0,0.782435129740519,0,0.712574850299401,0.02,0.612774451097804
988,"988_490.29_5.4","NA_[988_490.29_5.4]",490.286968456295,5.404678,0.0226456448375097,1.6450153082164,0.718929536059347,-0.476077719159431,NA,NA,NA,NA,NA,NA,NA,NA,NA,NA,NA,NA,NA,NA,NA,NA,NA,NA,NA,NA,NA,NA,NA,NA,NA,NA,NA,NA,NA,NA,NA,NA,NA,NA,NA,NA,NA,NA,NA,NA,NA,NA,NA,1.00100150250438,0.191616766467066,1.00100150250438,0.127744510978044,1.00100150250438,0.199600798403194,0.0196,0.590818363273453
989,"989_225.15_5.4","NA_[989_225.15_5.4]",225.149046467949,5.409135,0.0276094494114857,1.55894225398869,0.684925841343409,-0.545980302606669,"2-(oct-7-en-1-yl)pentanedioic acid",NA,NA,0.053,0.053,-217.842,84.007,1,"InChI=1S/C13H22O4/c1-2-3-4-5-6-7-8-11(13(16)17)9-10-12(14)15/h2,11H,1,3-10H2,(H,14,15)(H,16,17)","VQHQSUSDPCTSEX","C13H22O4","[M - H2O + H]+","C=CCCCCCCC(CCC(=O)O)C(=O)O","Fatty acids","Macrolide lactones","Macrolides",NA,NA,NA,NA,NA,NA,NA,NA,NA,NA,NA,NA,NA,NA,NA,NA,NA,NA,NA,NA,NA,NA,NA,NA,NA,NA,NA,0,0.760479041916168,0,0.818363273453094,0,0.74251497005988,0.0164,0.666666666666667
1086,"1086_139.98_5.9","NA_[1086_139.98_5.9]",139.983494163393,5.869771,0.0247735425634876,1.60601188579337,1.35835381280696,0.441859309846349,"Thiosulfuric acid (H2S2O3), S-(2-aminoethyl) ester",NA,NA,0.184,0.184,-37.302,5.247,1,"InChI=1S/C2H7NO3S2/c3-1-2-7-8(4,5)6/h1-3H2,(H,4,5,6)","MXTPRJXPLFGHEE","C2H7NO3S2","[M - H2O + H]+","C(CSS(=O)(=O)O)N","Amino acids and Peptides","Aminoacids","Small peptides",NA,NA,NA,NA,NA,NA,NA,NA,NA,NA,NA,NA,NA,NA,NA,NA,NA,NA,NA,NA,NA,NA,NA,NA,NA,NA,NA,0,0.682634730538922,0,0.766467065868264,0,0.676646706586826,0.01,0.796407185628742
1130,"1130_293.18_6","NA_[1130_293.18_6]",293.176040893563,5.9988713,0.0381104117626493,1.41895635888251,0.758981415732435,-0.397863534357163,"11-hydroperoxy-3,7,11-trimethyl-8-oxododeca-1,6,9-trien-3-yl acetate",NA,NA,0.073,0.073,-176.765,165.846,0.999,"InChI=1S/C17H26O5/c1-7-17(6,21-14(3)18)11-8-9-13(2)15(19)10-12-16(4,5)22-20/h7,9-10,12,20H,1,8,11H2,2-6H3","BCZPLJUGHXOZHA","C17H26O5","[M - H2O + H]+","CC(=CCCC(C)(C=C)OC(=O)C)C(=O)C=CC(C)(C)OO","Polyketides","Azaphilones","Chromanes","292.167459248","InChI=1S/C17H24O4/c1-9(2)10-5-6-17(3)12(10)7-11-15(19)13(18)8-14(20-4)16(11)21-17/h10,12-14,18H,1,5-8H2,2-4H3/t10-,12+,13-,14-,17-/m0/s1","OICVSQXUNLEFRY-QWKMPEQISA-N","OICVSQXUNLEFRY","C=C(C)[C@@H]1CC[C@]2(C)OC3=C(C[C@H]12)C(=O)[C@@H](O)C[C@@H]3OC","C17H24O4","Coibanol B","http://www.wikidata.org/entity/Q77559318","Terpenoids","Meroterpenoids","Polyketides","Meroterpenoids","Miscellaneous meroterpenoids","Pycnoporus sanguineus","['Eukaryota']","['Fungi']","['Basidiomycota']","['Agaricomycetes']","['Polyporales']","['Polyporaceae']","['Unknown']","['Pycnoporus']","['Pycnoporus sanguineus']","nan","365511.0","http://www.wikidata.org/entity/Q1316813",0,0,0.68063872255489,0,0.754491017964072,0,0.664670658682635,0.0064,0.904191616766467
1145,"1145_267.2_6.1","NA_[1145_267.2_6.1]",267.196918426291,6.0912347,0.04645603168616,1.33295789075638,0.759752064614863,-0.396399404632287,"11-(cyclopent-1-en-1-yl)-11-oxoundecanoic acid",NA,NA,0.092,0.092,-123.509,245.652,1,"InChI=1S/C16H26O3/c17-15(14-10-8-9-11-14)12-6-4-2-1-3-5-7-13-16(18)19/h10H,1-9,11-13H2,(H,18,19)","BTRMYWIRJSMBSF","C16H26O3","[M + H]+","C1CC=C(C1)C(=O)CCCCCCCCCC(=O)O","Fatty acids","Jasmonic acids","Octadecanoids","nan","nan","nan","DMLQORHBBIHBPA",NA,"nan","nan","nan","nan","nan","nan","nan","nan","nan","['Unknown']","['Unknown']","['Unknown']","['Unknown']","['Unknown']","['Unknown']","['Unknown']","['Unknown']","['Unknown']","nan","nan","nan",0,0,0.710578842315369,0,0.778443113772455,0,0.694610778443114,0.01,0.81437125748503
1160,"1160_235.13_6.2","NA_[1160_235.13_6.2]",235.134192821476,6.1625633,0.0488636437532608,1.31101415089244,1.3628874548922,0.446666431568825,"8-(acetyloxy)-2,6-dimethylocta-2,4,6-trien-1-yl acetate",NA,NA,0.093,0.093,-80.576,161.723,1,"InChI=1S/C14H20O4/c1-11(8-9-17-13(3)15)6-5-7-12(2)10-18-14(4)16/h5-8H,9-10H2,1-4H3","XRUSDDHZPSXQTK","C14H20O4","[M - H2O + H]+","CC(=CC=CC(=CCOC(=O)C)C)COC(=O)C","Terpenoids","Azaphilones","Sesquiterpenoids","234.125594436","InChI=1S/C14H18O3/c1-13(2)6-14-8-4-3-7(13)9(14)5-10(15)11(14)17-12(8)16/h7-9,11H,3-6H2,1-2H3","JKEIRRNWPSYSKM-UHFFFAOYSA-N","JKEIRRNWPSYSKM","CC1(C)CC23C4CCC1C2CC(=O)C3OC4=O","C14H18O3","nan","http://www.wikidata.org/entity/Q115972493","Terpenoids","Sesquiterpenoids","Terpenoids","Sesquiterpenoids","Quadrane sesquiterpenoids","Aspergillus terreus","['Eukaryota']","['Fungi']","['Ascomycota']","['Eurotiomycetes']","['Eurotiales']","['Trichocomaceae']","['Unknown']","['Aspergillus']","['Aspergillus terreus']","nan","104248.0","http://www.wikidata.org/entity/Q3798237",0,0,0.646706586826347,0,0.732534930139721,0,0.640718562874252,0,1
1376,"1376_295.23_7","NA_[1376_295.23_7]",295.228509341202,6.9995065,0.0162562579986755,1.78897941677118,0.666888692621557,-0.584482107095502,"9-Oxo-11,13-octadecadienoic acid",NA,NA,0.443,0.443,-62.75,229.988,1,"InChI=1S/C18H30O3/c1-2-3-4-5-6-8-11-14-17(19)15-12-9-7-10-13-16-18(20)21/h5-6,8,11H,2-4,7,9-10,12-16H2,1H3,(H,20,21)","VGLABFRUPBCSOM","C18H30O3","[M + H]+","CCCCC=CC=CCC(=O)CCCCCCCC(=O)O","Fatty acids","Other Octadecanoids","Octadecanoids","294.21949482","InChI=1S/C18H30O3/c1-2-3-4-5-6-8-11-14-17(19)15-12-9-7-10-13-16-18(20)21/h3-4,6,8,11,14,17,19H,2,5,7,9-10,12-13,15-16H2,1H3,(H,20,21)","RIGGEAZDTKMXSI-UHFFFAOYSA-N","RIGGEAZDTKMXSI","CCC=CCC=CC=CC(O)CCCCCCCC(=O)O","C18H30O3","CID 53394275","http://www.wikidata.org/entity/Q111729050","Fatty acids","Octadecanoids","Fatty acids","Fatty amides","N-acyl amines","Arabidopsis thaliana","['Eukaryota']","['Archaeplastida']","['Streptophyta']","['Magnoliopsida']","['Brassicales']","['Brassicaceae']","['Camelineae']","['Arabidopsis']","['Arabidopsis thaliana']","nan","309263.0","http://www.wikidata.org/entity/Q158695",9,1.00100150250438,0.171656686626747,1.00100150250438,0.13373253493014,1.00100150250438,0.179640718562874,0.0228,0.586826347305389
1396,"1396_200.2_7.1","NA_[1396_200.2_7.1]",200.202056466024,7.056003,0.0217248989173538,1.66304223558068,0.717569919304171,-0.478808681470067,"4-(4-Methylpentyl)cyclohexan-1-one",NA,NA,0.25,0.25,-102.64,73.189,0.958,"InChI=1S/C12H22O/c1-10(2)4-3-5-11-6-8-12(13)9-7-11/h10-11H,3-9H2,1-2H3","MRMCVCAJVDSTBJ","C12H22O","[M + H3N + H]+","CC(C)CCCC1CCC(=O)CC1","Fatty acids","Fatty alcohols","Fatty acyls",NA,NA,NA,NA,NA,NA,NA,NA,NA,NA,NA,NA,NA,NA,NA,NA,NA,NA,NA,NA,NA,NA,NA,NA,NA,NA,NA,0,0.722554890219561,0,0.788423153692615,0,0.706586826347305,0.038,0.365269461077844
1402,"1402_190.99_7.1","NA_[1402_190.99_7.1]",190.994119297703,7.054214,3.05543895591788e-05,4.51492638855121,0.568759713759833,-0.814108814911142,"1-[5-[Amino(dihydroxy)-lambda4-sulfanyl]-1,3-thiazol-2-yl]ethanone",NA,NA,0.148,0.148,-126.077,31.132,1,"InChI=1S/C5H8N2O3S2/c1-3(8)5-7-2-4(11-5)12(6,9)10/h2,9-10H,6H2,1H3","PKBZKRDRVZZFTI","C5H8N2O3S2","[M - H2O + H]+","CC(=O)C1=NC=C(S1)S(N)(O)O","Amino acids and Peptides","Aminoacids","Small peptides","146.021523292","InChI=1S/C5H6O5/c6-3(5(9)10)1-2-4(7)8/h1-2H2,(H,7,8)(H,9,10)","KPGXRSRHYNQIFN-UHFFFAOYSA-N","KPGXRSRHYNQIFN","O=C(O)CCC(=O)C(=O)O","C5H6O5","Hydron;2-oxopentanedioate","http://www.wikidata.org/entity/Q306140","Fatty acids","Fatty Acids and Conjugates","Fatty acids","Fatty Acids and Conjugates","Dicarboxylic acids","Arabidopsis thaliana","['Eukaryota']","['Archaeplastida']","['Streptophyta']","['Magnoliopsida']","['Brassicales']","['Brassicaceae']","['Camelineae']","['Arabidopsis']","['Arabidopsis thaliana']","nan","309263.0","http://www.wikidata.org/entity/Q158695",9,1.37457856297529,0.0698602794411178,1.41705050316284,0.0518962075848303,1.38942503594182,0.0678642714570858,0.056,0.149700598802395
1470,"1470_267.17_7.2","lauryl acrylate_[1470_267.17_7.2]",267.173417792976,7.249831,0.0398643274985941,1.39941555794998,1.34324581388567,0.425723342012428,"Okimelanolure","lauryl acrylate","CHEBI:191951",0.294,0.294,-92.816,42.801,0.999,"InChI=1S/C14H28O2/c1-3-4-5-6-7-8-9-10-11-12-13-16-14(2)15/h3-13H2,1-2H3","VZWGRQBCURJOMT","C14H28O2","[M + K]+","CCCCCCCCCCCCOC(=O)C","Fatty acids","Wax monoesters","Fatty esters",NA,NA,NA,NA,NA,NA,NA,NA,NA,NA,NA,NA,NA,NA,NA,NA,NA,NA,NA,NA,NA,NA,NA,NA,NA,NA,NA,0,0.724550898203593,0,0.798403193612774,0,0.720558882235529,0.0284,0.439121756487026
1557,"1557_296.3_7.5","NA_[1557_296.3_7.5]",296.296397613074,7.525127,0.0274743879887374,1.56107197301092,0.744745280469505,-0.425181018896363,"N-(2-hydroxyethyl)heptadecanamide",NA,NA,0.803,0.702,-109.731,83.927,0.156,"InChI=1S/C19H39NO2/c1-2-3-4-5-6-7-8-9-10-11-12-13-14-15-16-19(22)20-17-18-21/h21H,2-18H2,1H3,(H,20,22)","GCCFMSAXQJECNH","C19H39NO2","[M - H2O + H]+","CCCCCCCCCCCCCCCCC(=O)NCCO","Fatty acids","N-acyl ethanolamines (endocannabinoids)","Fatty amides",NA,NA,NA,NA,NA,NA,NA,NA,NA,NA,NA,NA,NA,NA,NA,NA,NA,NA,NA,NA,NA,NA,NA,NA,NA,NA,NA,0,0.724550898203593,0,0.782435129740519,0,0.716566866267465,0.0212,0.584830339321357
1654,"1654_320.26_7.8","NA_[1654_320.26_7.8]",320.2578037557,7.788838,0.042734449504516,1.3692218861518,0.721632268608657,-0.47066424310003,NA,NA,NA,NA,NA,NA,NA,NA,NA,NA,NA,NA,NA,NA,NA,NA,NA,NA,NA,NA,NA,NA,NA,NA,NA,NA,NA,NA,NA,NA,NA,NA,NA,NA,NA,NA,NA,NA,NA,NA,NA,NA,NA,0,0.668662674650699,0,0.734530938123752,0,0.658682634730539,0.0264,0.481037924151697
1670,"1670_149.02_7.9","NA_[1670_149.02_7.9]",149.024330428379,7.8669486,0.0104790403372055,1.97967848789996,1.44065436782103,0.526724255261998,"3-Fluoro-4-methoxy-4-oxobut-2-enoic acid",NA,NA,0.019,0.019,-83.55,21.437,0.471,"InChI=1S/C5H5FO4/c1-10-5(9)3(6)2-4(7)8/h2H,1H3,(H,7,8)","OCOHJQOPPUTZFO","C5H5FO4","[M + H]+","COC(=O)C(=CC(=O)O)F","Fatty acids","Halogenated fatty acids","Fatty Acids and Conjugates",NA,NA,NA,NA,NA,NA,NA,NA,NA,NA,NA,NA,NA,NA,NA,NA,NA,NA,NA,NA,NA,NA,NA,NA,NA,NA,NA,0,0.692614770459082,0,0.758483033932136,0,0.674650698602794,0.0484,0.249500998003992
1675,"1675_279.16_7.9","NA_[1675_279.16_7.9]",279.160564598157,7.871158,0.0318889261832582,1.49636010479396,1.41682108324911,0.502657585633168,NA,NA,NA,NA,NA,NA,NA,NA,NA,NA,NA,NA,NA,NA,NA,NA,"278.151809184","InChI=1S/C16H22O4/c1-2-3-4-5-6-9-12-20-16(19)14-11-8-7-10-13(14)15(17)18/h7-8,10-11H,2-6,9,12H2,1H3,(H,17,18)","PKIYFBICNICNGJ-UHFFFAOYSA-N","PKIYFBICNICNGJ","CCCCCCCCOC(=O)c1ccccc1C(=O)O","C16H22O4","Octyl hydrogen phthalate","http://www.wikidata.org/entity/Q27225611","Shikimates and Phenylpropanoids","Phenolic acids (C6-C1)","Shikimates and Phenylpropanoids","Phenolic acids (C6-C1)","Shikimic acids and derivatives","Aloe vera","['Eukaryota']","['Archaeplastida']","['Streptophyta']","['Magnoliopsida']","['Asparagales']","['Asphodelaceae']","['Unknown']","['Aloe']","['Aloe vera']","nan","62303.0","http://www.wikidata.org/entity/Q80079",0,0,0.728542914171657,0,0.778443113772455,0,0.716566866267465,0.022,0.502994011976048
1677,"1677_279.16_7.9","NA_[1677_279.16_7.9]",279.160579170147,7.8857903,0.0404220266370249,1.39338191607524,1.28138359720328,0.35770242801301,"Dibutyl Phthalate",NA,NA,0.305,0.305,-60.979,99.922,0.183,"InChI=1S/C16H22O4/c1-3-5-11-19-15(17)13-9-7-8-10-14(13)16(18)20-12-6-4-2/h7-10H,3-6,11-12H2,1-2H3","DOIRQSBPFJWKBE","C16H22O4","[M + H]+","CCCCOC(=O)C1=CC=CC=C1C(=O)OCCCC","Polyketides","Simple phenolic acids","Cyclic polyketides",NA,NA,NA,NA,NA,NA,NA,NA,NA,NA,NA,NA,NA,NA,NA,NA,NA,NA,NA,NA,NA,NA,NA,NA,NA,NA,NA,0,0.778443113772455,0,0.81437125748503,0,0.764471057884232,0.022,0.550898203592814
1685,"1685_149.02_7.9","5-Sulfo-1,3-benzenedicarboxylic acid_[1685_149.02_7.9]",149.024330714464,7.905343,0.0126956601601117,1.89634471137636,1.45495483267798,0.54097436709718,"Isophthalic Acid","5-Sulfo-1,3-benzenedicarboxylic acid","CHEBI:174269",0.236,0.098,-38.23,34.078,1,"InChI=1S/C8H6O4/c9-7(10)5-2-1-3-6(4-5)8(11)12/h1-4H,(H,9,10)(H,11,12)","QQVIHTHCMHWDBS","C8H6O4","[M - H2O + H]+","C1=CC(=CC(=C1)C(=O)O)C(=O)O","Shikimates and Phenylpropanoids","Simple phenolic acids","Phenolic acids (C6-C1)",NA,NA,NA,NA,NA,NA,NA,NA,NA,NA,NA,NA,NA,NA,NA,NA,NA,NA,NA,NA,NA,NA,NA,NA,NA,NA,NA,0,0.662674650698603,0,0.722554890219561,0,0.642714570858283,0.046,0.241516966067864
1703,"1703_280.27_7.9","NA_[1703_280.27_7.9]",280.265112426276,7.942795,0.0495126708265241,1.3052836462006,0.760117376789491,-0.395705879177398,"1-(1-Fluorododecoxy)propan-1-ol",NA,NA,0.054,0.054,-173.198,50.485,0.025,"InChI=1S/C15H31FO2/c1-3-5-6-7-8-9-10-11-12-13-14(16)18-15(17)4-2/h14-15,17H,3-13H2,1-2H3","WWAUOPIVULMICN","C15H31FO2","[M + H3N + H]+","CCCCCCCCCCCC(OC(CC)O)F","Fatty acids","Fatty alcohols","Fatty acyls","279.256214676","InChI=1S/C18H33NO/c1-2-3-4-5-6-7-8-9-10-11-12-13-14-15-16-17-18(19)20/h6-7,9-10H,2-5,8,11-17H2,1H3,(H2,19,20)","SFIHQZFZMWZOJV-UHFFFAOYSA-N","SFIHQZFZMWZOJV","CCCCCC=CCC=CCCCCCCCC(N)=O","C18H33NO","CID 3930","http://www.wikidata.org/entity/Q27164841","Fatty acids","Fatty amides","Fatty acids","Fatty amides","N-acyl amines","Averrhoa bilimbi","['Eukaryota']","['Archaeplastida']","['Streptophyta']","['Magnoliopsida']","['Oxalidales']","['Oxalidaceae']","['Unknown']","['Averrhoa']","['Averrhoa bilimbi']","nan","829006.0","http://www.wikidata.org/entity/Q237465",4,0,0.68063872255489,0,0.738522954091816,0,0.668662674650699,0.01,0.826347305389222
1741,"1741_278.25_8.1","NA_[1741_278.25_8.1]",278.249367994837,8.118839,0.0130857026208347,1.88320295348577,0.666650832726466,-0.584996766448586,NA,NA,NA,NA,NA,NA,NA,NA,NA,NA,NA,NA,NA,NA,NA,NA,"277.240564612","InChI=1S/C18H31NO/c1-5-6-7-8-9-10-11-12-13-17-14-15-18(20-4)16(2)19(17)3/h8-13,16-18H,5-7,14-15H2,1-4H3/b9-8+,11-10+,13-12+/t16-,17+,18-/m1/s1","YIOUPFBHICGXGU-VLXASLQNSA-N","YIOUPFBHICGXGU","CCCC/C=C/C=C/C=C/[C@H]1CC[C@@H](OC)[C@@H](C)N1C","C18H31NO","(2R,3R,6R)-1,2-Dimethyl-3-methoxy-6-[(1E,3E,5E)-1,3,5-decatrienyl]piperidine","http://www.wikidata.org/entity/Q105348948","Alkaloids","Lysine alkaloids","Alkaloids","Lysine alkaloids","Piperidine alkaloids","Microcos paniculata","['Eukaryota']","['Archaeplastida']","['Streptophyta']","['Magnoliopsida']","['Malvales']","['Malvaceae']","['Grewieae']","['Microcos']","['Microcos paniculata']","nan","151053.0","http://www.wikidata.org/entity/Q3351559",4,1.00100150250438,0.157684630738523,1.00100150250438,0.0958083832335329,1.00100150250438,0.157684630738523,0.0332,0.3812375249501
1878,"1878_195.12_8.5","NA_[1878_195.12_8.5]",195.124070075793,8.512982,0.0430558476104747,1.36596785669587,0.644037812840582,-0.634782700342323,"2-(1H-Benzimidazol-2-ylamino)ethanol",NA,NA,0.332,0.332,-108.677,16.339,0.991,"InChI=1S/C9H11N3O/c13-6-5-10-9-11-7-3-1-2-4-8(7)12-9/h1-4,13H,5-6H2,(H2,10,11,12)","FGPOQZOBPMSSAQ","C9H11N3O","[M + H3N + H]+","C1=CC=C2C(=C1)NC(=N2)NCCO","Alkaloids","Quinazoline alkaloids","Nicotinic acid alkaloids","172.14632988","InChI=1S/C10H20O2/c1-2-3-4-5-6-7-8-9-10(11)12/h2-9H2,1H3,(H,11,12)","GHVNFZFCNZKVNT-UHFFFAOYSA-N","GHVNFZFCNZKVNT","CCCCCCCCCC(=O)O","C10H20O2","Decanoate;hydron","http://www.wikidata.org/entity/Q422613","Fatty acids","Fatty Acids and Conjugates","Fatty acids","Fatty Acids and Conjugates","Hydroxy fatty acids","Arabidopsis thaliana","['Eukaryota']","['Archaeplastida']","['Streptophyta']","['Magnoliopsida']","['Brassicales']","['Brassicaceae']","['Camelineae']","['Arabidopsis']","['Arabidopsis thaliana']","nan","309263.0","http://www.wikidata.org/entity/Q158695",9,0,0.704590818363273,0,0.770459081836327,0,0.696606786427146,0.0244,0.530938123752495
1892,"1892_380.34_8.5","NA_[1892_380.34_8.5]",380.339085638319,8.518722,0.0303994848277522,1.51713377620573,0.706215656701264,-0.501819289090213,"N-butyl-N-[(dibutylamino)-propoxyphosphoryl]butan-1-amine",NA,NA,-Inf,-Inf,-117.328,60.152,1,"InChI=1S/C19H43N2O2P/c1-6-11-15-20(16-12-7-2)24(22,23-19-10-5)21(17-13-8-3)18-14-9-4/h6-19H2,1-5H3","HWWJNOXQGSXUQB","C19H43N2O2P","[M + H3N + H]+","CCCCN(CCCC)P(=O)(N(CCCC)CCCC)OCCC","Alkaloids","Phenylalanine-derived alkaloids","Pseudoalkaloids (transamidation)",NA,NA,NA,NA,NA,NA,NA,NA,NA,NA,NA,NA,NA,NA,NA,NA,NA,NA,NA,NA,NA,NA,NA,NA,NA,NA,NA,2.00804832225625,0.00998003992015968,2.00804832225625,0.0199600798403194,2.00804832225625,0.00998003992015968,0.0684,0.135728542914172
1939,"1939_650.38_8.6","NA_[1939_650.38_8.6]",650.381191053735,8.629336,0.0373956682677129,1.42717870144611,0.758376083696564,-0.39901462705997,"(2R,5S,6R)-5-[[(2S)-4-amino-2-(butylsulfonylmethyl)butanoyl]amino]-N-[(5S,8R)-1-amino-8-methyl-6,9,10-trioxoundecan-5-yl]-6-hydroxy-2-methyl-4-oxoheptanamide",NA,NA,-Inf,-Inf,-340.039,52.523,0.365,"InChI=1S/C29H52N4O9S/c1-6-7-14-43(41,42)17-22(11-13-31)29(40)33-26(20(4)34)25(37)16-19(3)28(39)32-23(10-8-9-12-30)24(36)15-18(2)27(38)21(5)35/h18-20,22-23,26,34H,6-17,30-31H2,1-5H3,(H,32,39)(H,33,40)","KHSIBIJOAUSZTQ","C29H52N4O9S","[M + H3N + H]+","CCCCS(=O)(=O)CC(CCN)C(=O)NC(C(C)O)C(=O)CC(C)C(=O)NC(CCCCN)C(=O)CC(C)C(=O)C(=O)C","Amino acids and Peptides","Depsipeptides","Oligopeptides",NA,NA,NA,NA,NA,NA,NA,NA,NA,NA,NA,NA,NA,NA,NA,NA,NA,NA,NA,NA,NA,NA,NA,NA,NA,NA,NA,0,0.724550898203593,0,0.774451097804391,0,0.714570858283433,0.012,0.760479041916168
1949,"1949_606.35_8.7","NA_[1949_606.35_8.7]",606.354941853139,8.65308,0.0412251061239526,1.38483821769708,0.689526466622086,-0.536322166017411,"5-(2-oxo-1,3,3a,4,6,6a-hexahydrothieno[3,4-d]imidazol-4-yl)-N-[2-[2-[2-[2-[3-oxo-3-(5-oxohexylamino)propoxy]ethoxy]ethoxy]ethoxy]ethyl]pentanamide",NA,NA,0.008,0.008,-359.045,52.783,0.228,"InChI=1S/C27H48N4O8S/c1-21(32)6-4-5-10-28-25(34)9-12-36-14-16-38-18-19-39-17-15-37-13-11-29-24(33)8-3-2-7-23-26-22(20-40-23)30-27(35)31-26/h22-23,26H,2-20H2,1H3,(H,28,34)(H,29,33)(H2,30,31,35)","MCYGHKFOLQGNGV","C27H48N4O8S","[M + H3N + H]+","CC(=O)CCCCNC(=O)CCOCCOCCOCCOCCNC(=O)CCCCC1C2C(CS1)NC(=O)N2","Amino acids and Peptides","Lipopeptides","Oligopeptides",NA,NA,NA,NA,NA,NA,NA,NA,NA,NA,NA,NA,NA,NA,NA,NA,NA,NA,NA,NA,NA,NA,NA,NA,NA,NA,NA,2.34813711042388,0.0139720558882236,2.66446832984185,0.0119760479041916,2.53052457530874,0.0119760479041916,0.0968,0.0818363273453094
1971,"1971_567.28_8.7","NA_[1971_567.28_8.7]",567.283741685407,8.674913,0.00990357498246226,2.00420800591806,1.43949776283452,0.525565546768629,NA,NA,NA,NA,NA,NA,NA,NA,NA,NA,NA,NA,NA,NA,NA,NA,NA,NA,NA,NA,NA,NA,NA,NA,NA,NA,NA,NA,NA,NA,NA,NA,NA,NA,NA,NA,NA,NA,NA,NA,NA,NA,NA,1.00100150250438,0.171656686626747,1.00100150250438,0.125748502994012,1.00100150250438,0.171656686626747,0.03,0.469061876247505
2012,"2012_189.1_8.7","NA_[2012_189.1_8.7]",189.095303942467,8.713231,0.047894296049113,1.31971620562301,1.32832366520713,0.409606722961221,"3-(3-Hydroxy-3-methylbutyl)sulfanylbutanoic acid",NA,NA,0.096,0.096,-66.048,75.812,1,"InChI=1S/C9H18O3S/c1-7(6-8(10)11)13-5-4-9(2,3)12/h7,12H,4-6H2,1-3H3,(H,10,11)","VNYMEKLVHGJYNI","C9H18O3S","[M - H2O + H]+","CC(CC(=O)O)SCCC(C)(C)O","Fatty acids","Thia fatty acids","Fatty Acids and Conjugates","188.083729624","InChI=1S/C12H12O2/c1-12(2)6-5-10-7-9(8-13)3-4-11(10)14-12/h3-8H,1-2H3","ZDSKIIMVDTYOLV-UHFFFAOYSA-N","ZDSKIIMVDTYOLV","CC1(C)C=Cc2cc(C=O)ccc2O1","C12H12O2","2,2-Dimethyl-2H-chromene-6-carbaldehyde","http://www.wikidata.org/entity/Q77566682","Terpenoids","Meroterpenoids","Shikimates and Phenylpropanoids","Meroterpenoids","Merohemiterpenoids","Lactarius deliciosus","['Eukaryota']","['Fungi']","['Basidiomycota']","['Agaricomycetes']","['Russulales']","['Russulaceae']","['Unknown']","['Lactarius']","['Lactarius deliciosus']","nan","54236.0","http://www.wikidata.org/entity/Q62138",0,-1.00100150250438,0.94810379241517,-1.00100150250438,0.958083832335329,-1.00100150250438,0.944111776447106,0.0256,0.522954091816367
2031,"2031_600.42_8.8","NA_[2031_600.42_8.8]",600.420247859824,8.839054,0.0365623755847386,1.43696559439811,0.603167125531329,-0.729370295467425,"H-Leu-Nle-Ser-Lys-Arg-al",NA,NA,0.118,0.118,-313.592,130.151,0.22,"InChI=1S/C27H53N9O6/c1-4-5-10-20(34-23(39)19(29)14-17(2)3)25(41)36-22(16-38)26(42)35-21(11-6-7-12-28)24(40)33-18(15-37)9-8-13-32-27(30)31/h15,17-22,38H,4-14,16,28-29H2,1-3H3,(H,33,40)(H,34,39)(H,35,42)(H,36,41)(H4,30,31,32)","STXFPWFXNPKHEK","C27H53N9O6","[M + H]+","CCCCC(C(=O)NC(CO)C(=O)NC(CCCCN)C(=O)NC(CCCN=C(N)N)C=O)NC(=O)C(CC(C)C)N","Amino acids and Peptides","Cyclic peptides","Oligopeptides","599.404669796","InChI=1S/C33H53N5O5/c1-19(2)14-24-29(39)34-25(15-20(3)4)30(40)36-27(17-22(7)8)32(42)38-28(18-23-12-10-9-11-13-23)33(43)37-26(16-21(5)6)31(41)35-24/h9-13,19-22,24-28H,14-18H2,1-8H3,(H,34,39)(H,35,41)(H,36,40)(H,37,43)(H,38,42)/t24-,25-,26-,27-,28-/m0/s1","RENOKKJLSNZWDC-XLIKFSOKSA-N","RENOKKJLSNZWDC","CC(C)C[C@@H]1NC(=O)[C@H](Cc2ccccc2)NC(=O)[C@H](CC(C)C)NC(=O)[C@H](CC(C)C)NC(=O)[C@H](CC(C)C)NC1=O","C33H53N5O5","cyclo[Leu-Leu-Leu-Leu-Phe]","http://www.wikidata.org/entity/Q105234984","Amino acids and Peptides","Oligopeptides","Amino acids and Peptides","Oligopeptides","Cyclic peptides","Fusarium","['Eukaryota']","['Fungi']","['Ascomycota']","['Sordariomycetes']","['Hypocreales']","['Nectriaceae']","['Unknown']","['Fusarium']","['Unknown']","nan","655794.0","http://www.wikidata.org/entity/Q131672",1,0,0.722554890219561,0,0.792415169660679,0,0.714570858283433,0.038,0.269461077844311
2068,"2068_204.09_9","NA_[2068_204.09_9]",204.08940444166,8.95023,0.0437793269030181,1.35873091989354,0.660800125652546,-0.597714133798455,"2-[2-(Ethylsulfanylmethyl)phenyl]-1,3,2-dioxaborolane",NA,NA,0.033,0.033,-115.734,30.92,0.878,"InChI=1S/C11H15BO2S/c1-2-15-9-10-5-3-4-6-11(10)12-13-7-8-14-12/h3-6H,2,7-9H2,1H3","HLNNURDRUOTZNU","C11H15BO2S","[M - H2O + H]+","B1(OCCO1)C2=CC=CC=C2CSCC","Fatty acids","Thia fatty acids","Monoterpenoids","203.080241544","InChI=1S/C9H17NS2/c1-12-8-6-4-2-3-5-7-10-9-11/h2-8H2,1H3","LDIRGNDMTOGVRB-UHFFFAOYSA-N","LDIRGNDMTOGVRB","CSCCCCCCCN=C=S","C9H17NS2","1-Isothiocyanato-7-(methylthio)heptane","http://www.wikidata.org/entity/Q105150231","nan","nan","nan","nan","nan","Nasturtium officinale","['Eukaryota']","['Archaeplastida']","['Streptophyta']","['Magnoliopsida']","['Brassicales']","['Brassicaceae']","['Cardamineae']","['Nasturtium']","['Nasturtium officinale']","nan","556245.0","http://www.wikidata.org/entity/Q150452",0,1.98341520781671,0.031936127744511,2.00804832225625,0.0359281437125748,1.99468790562554,0.031936127744511,0.0476,0.281437125748503
2077,"2077_482.41_9","NA_[2077_482.41_9]",482.4091751351,9.01605,0.0307279063832349,1.51246702897834,0.688817750105285,-0.537805774947435,"1,1-Didecyl-3-(3-pyridin-4-ylpropyl)urea",NA,NA,0.114,0.114,-245.437,41.758,0.015,"InChI=1S/C29H53N3O/c1-3-5-7-9-11-13-15-17-26-32(27-18-16-14-12-10-8-6-4-2)29(33)31-23-19-20-28-21-24-30-25-22-28/h21-22,24-25H,3-20,23,26-27H2,1-2H3,(H,31,33)","AHYXPRUWCSKIQI","C29H53N3O","[M + Na]+","CCCCCCCCCCN(CCCCCCCCCC)C(=O)NCCCC1=CC=NC=C1","Fatty acids","Polyamines","Fatty amides",NA,NA,NA,NA,NA,NA,NA,NA,NA,NA,NA,NA,NA,NA,NA,NA,NA,NA,NA,NA,NA,NA,NA,NA,NA,NA,NA,0,0.694610778443114,0,0.766467065868264,0,0.672654690618762,0.0628,0.183632734530938
2166,"2166_468.43_9.5","NA_[2166_468.43_9.5]",468.425742447012,9.546334,0.0413037835973335,1.38401016335136,1.3700990547928,0.454280200260517,NA,NA,NA,NA,NA,NA,NA,NA,NA,NA,NA,NA,NA,NA,NA,NA,NA,NA,NA,NA,NA,NA,NA,NA,NA,NA,NA,NA,NA,NA,NA,NA,NA,NA,NA,NA,NA,NA,NA,NA,NA,NA,NA,0,0.686626746506986,0,0.750499001996008,0,0.676646706586826,0.0308,0.425149700598802
2209,"2209_172.12_9.8","NA_[2209_172.12_9.8]",172.117539580204,9.79067,0.0420958945064612,1.37576025761164,0.756547148979311,-0.402498099056064,NA,NA,NA,NA,NA,NA,NA,NA,NA,NA,NA,NA,NA,NA,NA,NA,NA,NA,NA,NA,NA,NA,NA,NA,NA,NA,NA,NA,NA,NA,NA,NA,NA,NA,NA,NA,NA,NA,NA,NA,NA,NA,NA,1.34406227991274,0.0658682634730539,1.41705050316284,0.0499001996007984,1.37457856297529,0.0658682634730539,0.0676,0.143712574850299
2214,"2214_139.99_9.9","NA_[2214_139.99_9.9]",139.98948955797,9.883542,0.0292308560552884,1.53415846570162,1.34914307307299,0.432043350412085,NA,NA,NA,NA,NA,NA,NA,NA,NA,NA,NA,NA,NA,NA,NA,NA,NA,NA,NA,NA,NA,NA,NA,NA,NA,NA,NA,NA,NA,NA,NA,NA,NA,NA,NA,NA,NA,NA,NA,NA,NA,NA,NA,0,0.740518962075848,0,0.80439121756487,0,0.732534930139721,0.0276,0.508982035928144
2236,"2236_130.17_9.9","NA_[2236_130.17_9.9]",130.168106294988,9.890626,0.0479107830308008,1.31956673118366,0.654275316377684,-0.612030251225963,NA,NA,NA,NA,NA,NA,NA,NA,NA,NA,NA,NA,NA,NA,NA,NA,NA,NA,NA,NA,NA,NA,NA,NA,NA,NA,NA,NA,NA,NA,NA,NA,NA,NA,NA,NA,NA,NA,NA,NA,NA,NA,NA,1.00100150250438,0.197604790419162,1.00100150250438,0.121756487025948,1.00100150250438,0.201596806387226,0.032,0.459081836327345
2312,"2312_126.1_10.2","NA_[2312_126.1_10.2]",126.104161521162,10.152134,0.0249328232115454,1.60322854236365,0.712512721896752,-0.489012321208935,"3-(Aminooxy)-2-fluoropropanamine",NA,NA,0.087,0.087,-75.554,37.029,1,"InChI=1S/C3H9FN2O/c4-3(1-5)2-7-6/h3H,1-2,5-6H2","KZCFCFDOYOJTOF","C3H9FN2O","[M + H3N + H]+","C(C(CON)F)N","Fatty acids","Halogenated fatty acids","Fatty acyls","125.095297352","InChI=1S/C6H11N3/c1-7-3-2-6-4-8-5-9-6/h4-5,7H,2-3H2,1H3,(H,8,9)","PHSPJQZRQAJPPF-UHFFFAOYSA-N","PHSPJQZRQAJPPF","CNCCc1cnc[nH]1","C6H11N3","1H-Imidazole-4-ethanamine, N-methyl-","http://www.wikidata.org/entity/Q27078066","Alkaloids","Histidine alkaloids","Alkaloids","Histidine alkaloids","Imidazole alkaloids","Casimiroa edulis","['Eukaryota']","['Archaeplastida']","['Streptophyta']","['Magnoliopsida']","['Sapindales']","['Rutaceae']","['Unknown']","['Casimiroa']","['Casimiroa edulis']","nan","1066822.0","http://www.wikidata.org/entity/Q2312704",0,0,0.706586826347305,0,0.780439121756487,0,0.688622754491018,0.032,0.461077844311377
2383,"2383_124.09_10.4","NA_[2383_124.09_10.4]",124.088435501141,10.425658,0.0350994164048087,1.45470010445379,1.40294976704947,0.488463353843043,"1-(2-Fluoroethyl)urea",NA,NA,0.058,0.058,-130.765,50.412,1,"InChI=1S/C3H7FN2O/c4-1-2-6-3(5)7/h1-2H2,(H3,5,6,7)","SNHLRJSKPOPBPO","C3H7FN2O","[M + H3N + H]+","C(CF)NC(=O)N","Alkaloids","Halogenated fatty acids","Nicotinic acid alkaloids",NA,NA,NA,NA,NA,NA,NA,NA,NA,NA,NA,NA,NA,NA,NA,NA,NA,NA,NA,NA,NA,NA,NA,NA,NA,NA,NA,1.8966081045272,0.0159680638722555,2.00804832225625,0.0139720558882236,1.9715804023779,0.00998003992015968,0.0652,0.111776447105788
2399,"2399_610.19_10.5","NA_[2399_610.19_10.5]",610.190988264992,10.514055,0.0244957927055328,1.61090850182642,1.41967616277066,0.505561879274858,"N-(2-amino-2-methylpropyl)-5-[[3-(4-chlorophenyl)-5-oxo-4-[(2S)-3,3,3-trifluoro-2-hydroxypropyl]-1,2,4-triazol-1-yl]methyl]-2-(3-methoxypyridin-2-yl)-1,2,4-triazole-3-carboxamide",NA,NA,-Inf,-Inf,-318.588,24.374,0.013,"InChI=1S/C25H27ClF3N9O4/c1-24(2,30)13-32-22(40)21-33-18(34-38(21)20-16(42-3)5-4-10-31-20)12-37-23(41)36(11-17(39)25(27,28)29)19(35-37)14-6-8-15(26)9-7-14/h4-10,17,39H,11-13,30H2,1-3H3,(H,32,40)","TVEJYDABTSUFIB","C25H27ClF3N9O4","[M + H]+","CC(C)(CNC(=O)C1=NC(=NN1C2=C(C=CC=N2)OC)CN3C(=O)N(C(=N3)C4=CC=C(C=C4)Cl)CC(C(F)(F)F)O)N","Alkaloids","Purine alkaloids","Anthranilic acid alkaloids",NA,NA,NA,NA,NA,NA,NA,NA,NA,NA,NA,NA,NA,NA,NA,NA,NA,NA,NA,NA,NA,NA,NA,NA,NA,NA,NA,1.00100150250438,0.213572854291417,1.00100150250438,0.13373253493014,1.00100150250438,0.217564870259481,0.0464,0.241516966067864
2408,"2408_124.09_10.6","NA_[2408_124.09_10.6]",124.08848016039,10.56123,0.0183522192984058,1.73631140984394,0.729406245162928,-0.455205542831908,"1-(2-Fluoroethyl)urea",NA,NA,0.032,0.032,-128.83,53.082,1,"InChI=1S/C3H7FN2O/c4-1-2-6-3(5)7/h1-2H2,(H3,5,6,7)","SNHLRJSKPOPBPO","C3H7FN2O","[M + H3N + H]+","C(CF)NC(=O)N","Fatty acids","Halogenated fatty acids","Nicotinic acid alkaloids",NA,NA,NA,NA,NA,NA,NA,NA,NA,NA,NA,NA,NA,NA,NA,NA,NA,NA,NA,NA,NA,NA,NA,NA,NA,NA,NA,1.00100150250438,0.18562874251497,1.00100150250438,0.13373253493014,1.00100150250438,0.189620758483034,0.0716,0.181636726546906
2414,"2414_151.1_10.6","NA_[2414_151.1_10.6]",151.099359601863,10.569807,0.0334288019988236,1.47587918711138,0.765837849787405,-0.384889131028377,"3-(Methylamino)pyridine-2-carbonitrile",NA,NA,0.239,0.239,-51.475,23.111,1,"InChI=1S/C7H7N3/c1-9-6-3-2-4-10-7(6)5-8/h2-4,9H,1H3","UWJGWWBVJKHQNL","C7H7N3","[M + H3N + H]+","CNC1=C(N=CC=C1)C#N","Alkaloids","Pyridine alkaloids","Nicotinic acid alkaloids",NA,NA,NA,NA,NA,NA,NA,NA,NA,NA,NA,NA,NA,NA,NA,NA,NA,NA,NA,NA,NA,NA,NA,NA,NA,NA,NA,0,0.692614770459082,0,0.778443113772455,0,0.676646706586826,0.022,0.636726546906188
2421,"2421_130.16_10.6","NA_[2421_130.16_10.6]",130.160653885815,10.573946,0.0247987377631735,1.60557042386892,0.746818313592134,-0.421170788902517,NA,NA,NA,NA,NA,NA,NA,NA,NA,NA,NA,NA,NA,NA,NA,NA,NA,NA,NA,NA,NA,NA,NA,NA,NA,NA,NA,NA,NA,NA,NA,NA,NA,NA,NA,NA,NA,NA,NA,NA,NA,NA,NA,0,0.720558882235529,0,0.80439121756487,0,0.704590818363273,0.0512,0.269461077844311
2477,"2477_163.1_10.8","NA_[2477_163.1_10.8]",163.098113508772,10.84387,0.0327123274856356,1.48528855467638,0.74793356564891,-0.419017964835114,"4-(1H-imidazol-2-yl)pyridine",NA,NA,0.319,0.092,-41.644,47.003,1,"InChI=1S/C8H7N3/c1-3-9-4-2-7(1)8-10-5-6-11-8/h1-6H,(H,10,11)","QWZSAEUNIBEKIZ","C8H7N3","[M + H3N + H]+","C1=CN=CC=C1C2=NC=CN2","Alkaloids","Pyridine alkaloids","Nicotinic acid alkaloids",NA,NA,NA,NA,NA,NA,NA,NA,NA,NA,NA,NA,NA,NA,NA,NA,NA,NA,NA,NA,NA,NA,NA,NA,NA,NA,NA,0,0.722554890219561,0,0.784431137724551,0,0.710578842315369,0.0484,0.259481037924152
2486,"2486_130.15_10.8","NA_[2486_130.15_10.8]",130.151836403264,10.832361,0.0204407115242619,1.68950399084249,0.744692049315913,-0.425284140148671,NA,NA,NA,NA,NA,NA,NA,NA,NA,NA,NA,NA,NA,NA,NA,NA,NA,NA,NA,NA,NA,NA,NA,NA,NA,NA,NA,NA,NA,NA,NA,NA,NA,NA,NA,NA,NA,NA,NA,NA,NA,NA,NA,0,0.710578842315369,0,0.750499001996008,0,0.688622754491018,0.0332,0.419161676646707
2502,"2502_163.1_10.9","NA_[2502_163.1_10.9]",163.098101441336,10.864574,0.0274114609470111,1.56206781727637,0.750685621982602,-0.413719243824726,"4-(1H-imidazol-2-yl)pyridine",NA,NA,0.209,0.083,-61.031,85.892,0.984,"InChI=1S/C8H7N3/c1-3-9-4-2-7(1)8-10-5-6-11-8/h1-6H,(H,10,11)","QWZSAEUNIBEKIZ","C8H7N3","[M + H3N + H]+","C1=CN=CC=C1C2=NC=CN2","Alkaloids","Pyridine alkaloids","Nicotinic acid alkaloids",NA,NA,NA,NA,NA,NA,NA,NA,NA,NA,NA,NA,NA,NA,NA,NA,NA,NA,NA,NA,NA,NA,NA,NA,NA,NA,NA,0,0.772455089820359,0,0.828343313373254,0,0.7624750499002,0.0064,0.896207584830339
2556,"2556_792.61_11","NA_[2556_792.61_11]",792.606213205713,11.015232,0.0102711972713376,1.98837892952553,1.48721484169582,0.572613072851279,"2-[[4-[4-[2-[4-[4-[[2-(Hydroperoxymethyl)-4-methylcyclohexyl]methoxyamino]cyclohexyl]oxycyclohexyl]propan-2-yl]cyclohexyl]oxycyclohexyl]carbamoyl]-5-methylcyclohexane-1-carboxylic acid",NA,NA,-Inf,-Inf,-619.39,22.707,0.04,"InChI=1S/C45H78N2O8/c1-29-5-7-31(32(25-29)28-53-51)27-52-47-36-14-22-40(23-15-36)55-38-18-10-34(11-19-38)45(3,4)33-8-16-37(17-9-33)54-39-20-12-35(13-21-39)46-43(48)41-24-6-30(2)26-42(41)44(49)50/h29-42,47,51H,5-28H2,1-4H3,(H,46,48)(H,49,50)","QKIOHWPXBYQOKB","C45H78N2O8","[M + H3N + H]+","CC1CCC(C(C1)COO)CONC2CCC(CC2)OC3CCC(CC3)C(C)(C)C4CCC(CC4)OC5CCC(CC5)NC(=O)C6CCC(CC6C(=O)O)C","Amino acids and Peptides","Microcolins and mirabimids","Oligopeptides",NA,NA,NA,NA,NA,NA,NA,NA,NA,NA,NA,NA,NA,NA,NA,NA,NA,NA,NA,NA,NA,NA,NA,NA,NA,NA,NA,1.40275209380409,0.0878243512974052,1.41705050316284,0.0778443113772455,1.40834895880057,0.0758483033932136,0.0768,0.121756487025948
2559,"2559_694.5_11","NA_[2559_694.5_11]",694.495460993114,11.0213785,0.00360335040159694,2.44329350360581,1.48010567401099,0.565700182563079,NA,NA,NA,NA,NA,NA,NA,NA,NA,NA,NA,NA,NA,NA,NA,NA,NA,NA,NA,NA,NA,NA,NA,NA,NA,NA,NA,NA,NA,NA,NA,NA,NA,NA,NA,NA,NA,NA,NA,NA,NA,NA,NA,1.34406227991274,0.06187624750499,1.41705050316284,0.0518962075848303,1.37457856297529,0.06187624750499,0.0904,0.0818363273453094
2572,"2572_694.5_11","NA_[2572_694.5_11]",694.495386430702,11.029837,0.0176818485599596,1.75247233336012,1.47026870517754,0.556079844994129,"Tert-butyl 2-[4-[2-[(2-methylpropan-2-yl)oxy]-2-oxoethyl]-7-[2-(1,4,7,10,13-pentaoxacyclopentadec-2-ylmethoxy)ethyl]-1,4,7,10-tetrazacyclododec-1-yl]acetate",NA,NA,0.012,0.012,-274.891,46.539,0.027,"InChI=1S/C33H64N4O10/c1-32(2,3)46-30(38)25-36-10-8-34-7-9-35(11-12-37(14-13-36)26-31(39)47-33(4,5)6)15-16-43-27-29-28-44-22-21-41-18-17-40-19-20-42-23-24-45-29/h29,34H,7-28H2,1-6H3","NOTPTNFONKAORF","C33H64N4O10","[M + H3N + H]+","CC(C)(C)OC(=O)CN1CCNCCN(CCN(CC1)CC(=O)OC(C)(C)C)CCOCC2COCCOCCOCCOCCO2","Polyketides","Erythromycins","Macrolides",NA,NA,NA,NA,NA,NA,NA,NA,NA,NA,NA,NA,NA,NA,NA,NA,NA,NA,NA,NA,NA,NA,NA,NA,NA,NA,NA,1.00100150250438,0.183632734530938,1.00100150250438,0.127744510978044,1.00100150250438,0.179640718562874,0.0432,0.255489021956088
2605,"2605_136.09_11.2","2-(2-imidazo[1,2-a]pyridinylmethylthio)-6-nitro-1H-benzimidazole_[2605_136.09_11.2]",136.087109791783,11.199681,0.0141341449985223,1.84973045768416,0.583690510288414,-0.776724481988673,"Imidazo[1,2-a]pyridine","2-(2-imidazo[1,2-a]pyridinylmethylthio)-6-nitro-1H-benzimidazole","CHEBI:105775",0.158,0.158,-26.601,57.989,1,"InChI=1S/C7H6N2/c1-2-5-9-6-4-8-7(9)3-1/h1-6H","UTCSSFWDNNEEBH","C7H6N2","[M + H3N + H]+","C1=CC2=NC=CN2C=C1","Alkaloids","Pyridine alkaloids","Nicotinic acid alkaloids",NA,NA,NA,NA,NA,NA,NA,NA,NA,NA,NA,NA,NA,NA,NA,NA,NA,NA,NA,NA,NA,NA,NA,NA,NA,NA,NA,0,0.740518962075848,0,0.796407185628742,0,0.716566866267465,0.0064,0.768463073852295
2613,"2613_508.55_11.2","NA_[2613_508.55_11.2]",508.54583141454,11.16786,0.0433607814892409,1.36290289913096,1.41666751239724,0.502501201798081,"1-(Dihexadecylamino)ethane-1,1-diol",NA,NA,0.032,0.032,-442.323,62.85,0.988,"InChI=1S/C34H71NO2/c1-4-6-8-10-12-14-16-18-20-22-24-26-28-30-32-35(34(3,36)37)33-31-29-27-25-23-21-19-17-15-13-11-9-7-5-2/h36-37H,4-33H2,1-3H3","QRMZUTGMHDSGCH","C34H71NO2","[M - H2O + H]+","CCCCCCCCCCCCCCCCN(CCCCCCCCCCCCCCCC)C(C)(O)O","Fatty acids","N-acyl amines","Fatty amides",NA,NA,NA,NA,NA,NA,NA,NA,NA,NA,NA,NA,NA,NA,NA,NA,NA,NA,NA,NA,NA,NA,NA,NA,NA,NA,NA,0,0.602794411177645,0,0.666666666666667,0,0.590818363273453,0.0184,0.586826347305389
2631,"2631_130.15_11.3","NA_[2631_130.15_11.3]",130.151673163432,11.258704,0.0405194528307385,1.39233642792665,0.770215711274998,-0.376665542581676,NA,NA,NA,NA,NA,NA,NA,NA,NA,NA,NA,NA,NA,NA,NA,NA,NA,NA,NA,NA,NA,NA,NA,NA,NA,NA,NA,NA,NA,NA,NA,NA,NA,NA,NA,NA,NA,NA,NA,NA,NA,NA,NA,0,0.666666666666667,0,0.756487025948104,0,0.660678642714571,0,1
2698,"2698_907.53_11.4","NA_[2698_907.53_11.4]",907.534310527087,11.442686,0.0464925463333269,1.33261666744932,1.31854961427412,0.398951857831634,"1-[[4-[(2,5-Diethoxy-4-ethylphenyl)methyl]-2,5-diethoxyphenyl]methyl]-4-[[4-[(2,5-diethoxyphenyl)methyl]-2,5-diethoxyphenyl]methyl]-2,5-diethoxybenzene",NA,NA,0.013,0.013,-199.623,34.331,0.742,"InChI=1S/C56H74O10/c1-12-38-30-50(60-16-5)41(31-49(38)59-15-4)26-42-34-54(64-20-9)45(35-53(42)63-19-8)28-46-37-55(65-21-10)44(36-56(46)66-22-11)27-43-33-51(61-17-6)40(32-52(43)62-18-7)25-39-29-47(57-13-2)23-24-48(39)58-14-3/h23-24,29-37H,12-22,25-28H2,1-11H3","KMKHAXKANKXXRU","C56H74O10","[M + H]+","CCC1=CC(=C(C=C1OCC)CC2=CC(=C(C=C2OCC)CC3=C(C=C(C(=C3)OCC)CC4=C(C=C(C(=C4)OCC)CC5=C(C=CC(=C5)OCC)OCC)OCC)OCC)OCC)OCC","Polyketides","Bisnaphthalenes","Naphthalenes",NA,NA,NA,NA,NA,NA,NA,NA,NA,NA,NA,NA,NA,NA,NA,NA,NA,NA,NA,NA,NA,NA,NA,NA,NA,NA,NA,1.00100150250438,0.181636726546906,1.00100150250438,0.107784431137725,1.00100150250438,0.179640718562874,0.0244,0.491017964071856
2712,"2712_149.08_11.5","NA_[2712_149.08_11.5]",149.082391413928,11.490586,0.0111618755250339,1.9522628249561,0.551973999127538,-0.857327784791956,"Pyrido[2,3-b]pyrazine",NA,NA,0.169,0.169,-36.211,10.818,1,"InChI=1S/C7H5N3/c1-2-6-7(9-3-1)10-5-4-8-6/h1-5H","YEYHFKBVNARCNE","C7H5N3","[M + H3N + H]+","C1=CC2=NC=CN=C2N=C1","Alkaloids","Pyridine alkaloids","Nicotinic acid alkaloids",NA,NA,NA,NA,NA,NA,NA,NA,NA,NA,NA,NA,NA,NA,NA,NA,NA,NA,NA,NA,NA,NA,NA,NA,NA,NA,NA,0,0.698602794411178,0,0.778443113772455,0,0.686626746506986,0.0196,0.431137724550898
2713,"2713_136.09_11.5","2-(2-imidazo[1,2-a]pyridinylmethylthio)-6-nitro-1H-benzimidazole_[2713_136.09_11.5]",136.087106081703,11.496032,1.85353726384368e-06,5.73199867841294,0.548437486661759,-0.86660090966978,"Imidazo[1,2-a]pyridine","2-(2-imidazo[1,2-a]pyridinylmethylthio)-6-nitro-1H-benzimidazole","CHEBI:105775",0.282,0.282,-23.062,62.184,1,"InChI=1S/C7H6N2/c1-2-5-9-6-4-8-7(9)3-1/h1-6H","UTCSSFWDNNEEBH","C7H6N2","[M + H3N + H]+","C1=CC2=NC=CN2C=C1","Alkaloids","Pyridine alkaloids","Nicotinic acid alkaloids",NA,NA,NA,NA,NA,NA,NA,NA,NA,NA,NA,NA,NA,NA,NA,NA,NA,NA,NA,NA,NA,NA,NA,NA,NA,NA,NA,1.71058924980998,0.0439121756487026,1.73727046020804,0.0439121756487026,1.72300386905937,0.0439121756487026,0.0732,0.107784431137725
2718,"2718_124.09_11.5","NA_[2718_124.09_11.5]",124.087205953506,11.495075,0.0448082910860508,1.34864161904278,0.772949770868469,-0.371553429344548,"2-Vinylpyrimidine",NA,NA,0.268,0.243,-29.915,61.446,1,"InChI=1S/C6H6N2/c1-2-6-7-4-3-5-8-6/h2-5H,1H2","ZDHWTWWXCXEGIC","C6H6N2","[M + H3N + H]+","C=CC1=NC=CC=N1","Alkaloids","Pyridine alkaloids","Nicotinic acid alkaloids",NA,NA,NA,NA,NA,NA,NA,NA,NA,NA,NA,NA,NA,NA,NA,NA,NA,NA,NA,NA,NA,NA,NA,NA,NA,NA,NA,0,0.69061876247505,0,0.7624750499002,0,0.684630738522954,0.0072,0.854291417165669
2738,"2738_153.11_11.5","NA_[2738_153.11_11.5]",153.113665055023,11.5406275,0.034931152714961,1.45678708257058,0.764380877987068,-0.387636407072112,"5,6,7,8-Tetrahydropyrido[3,4-d]pyrimidine",NA,NA,0.137,0.137,-80.349,76.797,1,"InChI=1S/C7H9N3/c1-2-8-4-7-6(1)3-9-5-10-7/h3,5,8H,1-2,4H2","WGJUBVJZKNTGRC","C7H9N3","[M + H3N + H]+","C1CNCC2=NC=NC=C21","Alkaloids","Pyridine alkaloids","Nicotinic acid alkaloids","130.135765196","InChI=1S/C8H18O/c1-3-5-6-8(4-2)7-9/h8-9H,3-7H2,1-2H3","YIWUKEYIRIRTPP-UHFFFAOYSA-N","YIWUKEYIRIRTPP","CCCCC(CC)CO","C8H18O","2-Ethylhexan-1-ol","http://www.wikidata.org/entity/Q209388","Fatty acids","Fatty acyls","Fatty acids","Fatty acyls","Fatty alcohols","Arabidopsis thaliana","['Eukaryota']","['Archaeplastida']","['Streptophyta']","['Magnoliopsida']","['Brassicales']","['Brassicaceae']","['Camelineae']","['Arabidopsis']","['Arabidopsis thaliana']","nan","309263.0","http://www.wikidata.org/entity/Q158695",9,0,0.706586826347305,0,0.75249500998004,0,0.694610778443114,0.0064,0.88622754491018
2744,"2744_130.17_11.6","NA_[2744_130.17_11.6]",130.16688282304,11.592401,0.0110180383178906,1.95789572159607,0.546800813130946,-0.870912706553647,NA,NA,NA,NA,NA,NA,NA,NA,NA,NA,NA,NA,NA,NA,NA,NA,NA,NA,NA,NA,NA,NA,NA,NA,NA,NA,NA,NA,NA,NA,NA,NA,NA,NA,NA,NA,NA,NA,NA,NA,NA,NA,NA,1.00100150250438,0.187624750499002,1.00100150250438,0.109780439121756,1.00100150250438,0.189620758483034,0.0196,0.44311377245509
2745,"2745_165.11_11.6","NA_[2745_165.11_11.6]",165.113786939177,11.586161,0.0120507280627996,1.91898671374434,0.57207165543806,-0.805732230277793,"3-(Pyridin-3-ylamino)propanenitrile",NA,NA,0.095,0.095,-91.447,95.608,1,"InChI=1S/C8H9N3/c9-4-2-6-11-8-3-1-5-10-7-8/h1,3,5,7,11H,2,6H2","BUMNKYJITTZEJV","C8H9N3","[M + H3N + H]+","C1=CC(=CN=C1)NCCC#N","Alkaloids","Pyridine alkaloids","Nicotinic acid alkaloids","448.355260016","InChI=1S/C28H48O4/c1-15(2)16(3)25(31)26(32)17(4)20-7-8-21-19-14-24(30)23-13-18(29)9-11-28(23,6)22(19)10-12-27(20,21)5/h15-23,25-26,29,31-32H,7-14H2,1-6H3/t16-,17-,18+,19-,20+,21+,22-,23+,25+,26+,27+,28+/m0/s1","SBSXXCCMIWEPEE-UFZNHOCZSA-N","SBSXXCCMIWEPEE","CC(C)[C@H](C)[C@@H](O)[C@H](O)[C@@H](C)[C@H]1CC[C@@H]2[C@@H]3CC(=O)[C@H]4C[C@H](O)CC[C@]4(C)[C@H]3CC[C@]12C","C28H48O4","(3R,5S,8S,9S,10R,13S,14R,17R)-17-[(2S,3R,4R,5S)-3,4-dihydroxy-5,6-dimethylheptan-2-yl]-3-hydroxy-10,13-dimethyl-1,2,3,4,5,7,8,9,11,12,14,15,16,17-tetradecahydrocyclopenta[a]phenanthren-6-one","http://www.wikidata.org/entity/Q105249693","Terpenoids","Steroids","Terpenoids","Steroids","Cholestane steroids","Arabidopsis thaliana","['Eukaryota']","['Archaeplastida']","['Streptophyta']","['Magnoliopsida']","['Brassicales']","['Brassicaceae']","['Camelineae']","['Arabidopsis']","['Arabidopsis thaliana']","nan","309263.0","http://www.wikidata.org/entity/Q158695",9,1.00100150250438,0.205588822355289,1.00100150250438,0.12375249500998,1.00100150250438,0.205588822355289,0.022,0.431137724550898
2771,"2771_153.11_11.6","NA_[2771_153.11_11.6]",153.113654233019,11.637205,0.0127387836234793,1.89487203909887,0.561262531908794,-0.833252342078876,"5,6,7,8-Tetrahydropyrido[3,4-d]pyrimidine",NA,NA,0.139,0.139,-75.64,75.176,1,"InChI=1S/C7H9N3/c1-2-8-4-7-6(1)3-9-5-10-7/h3,5,8H,1-2,4H2","WGJUBVJZKNTGRC","C7H9N3","[M + H3N + H]+","C1CNCC2=NC=NC=C21","Alkaloids","Pyridine alkaloids","Nicotinic acid alkaloids",NA,NA,NA,NA,NA,NA,NA,NA,NA,NA,NA,NA,NA,NA,NA,NA,NA,NA,NA,NA,NA,NA,NA,NA,NA,NA,NA,1.00100150250438,0.181636726546906,1.00100150250438,0.12375249500998,1.00100150250438,0.181636726546906,0.0212,0.397205588822355
2777,"2777_153.11_11.7","NA_[2777_153.11_11.7]",153.113747237542,11.671084,3.64169594867656e-08,7.43869631700466,0.522922476228615,-0.935331013521357,"5,6,7,8-Tetrahydropyrido[3,4-d]pyrimidine",NA,NA,0.102,0.102,-86.998,83.505,1,"InChI=1S/C7H9N3/c1-2-8-4-7-6(1)3-9-5-10-7/h3,5,8H,1-2,4H2","WGJUBVJZKNTGRC","C7H9N3","[M + H3N + H]+","C1CNCC2=NC=NC=C21","Alkaloids","Pyridine alkaloids","Nicotinic acid alkaloids","130.135765196","InChI=1S/C8H18O/c1-3-5-6-8(4-2)7-9/h8-9H,3-7H2,1-2H3","YIWUKEYIRIRTPP-UHFFFAOYSA-N","YIWUKEYIRIRTPP","CCCCC(CC)CO","C8H18O","2-Ethylhexan-1-ol","http://www.wikidata.org/entity/Q209388","Fatty acids","Fatty acyls","Fatty acids","Fatty acyls","Fatty alcohols","Arabidopsis thaliana","['Eukaryota']","['Archaeplastida']","['Streptophyta']","['Magnoliopsida']","['Brassicales']","['Brassicaceae']","['Camelineae']","['Arabidopsis']","['Arabidopsis thaliana']","nan","309263.0","http://www.wikidata.org/entity/Q158695",9,1.65347180198358,0.0558882235528942,2.00804832225625,0.0459081836327345,1.84181618949605,0.0459081836327345,0.1044,0.063872255489022
